Rank,Name,Platform,Year,Genre,Publisher,NA_Sales,EU_Sales,JP_Sales,Other_Sales,Global_Sales
13292,E.X. Troopers,PS3,2012.0,Shooter,Capcom,0.0,0.0,0.05,0.0,0.05
15041,Steins;Gate: Senkei Kousoku no Phonogram,X360,2013.0,Adventure,5pb,0.0,0.0,0.02,0.0,0.02
15717,This War of Mine,PS4,2016.0,Action,Deep Silver,0.0,0.01,0.0,0.0,0.02
14047,Kiniro no Corda 2 f,PSP,2009.0,Role-Playing,Tecmo Koei,0.0,0.0,0.04,0.0,0.04
5127,Turok: Rage Wars,N64,1999.0,Shooter,Acclaim Entertainment,0.3,0.06,0.0,0.0,0.37
11028,Spectral Force Genesis,DS,2008.0,Role-Playing,Nobilis,0.08,0.0,0.01,0.01,0.09
12124,Shin Lucky * Star: Moe Drill ~Tabidachi~,DS,2007.0,Action,Kadokawa Shoten,0.0,0.0,0.07,0.0,0.07
13190,G1 Grand Prix,3DS,2012.0,Action,Genki,0.0,0.0,0.05,0.0,0.05
14082,MLB 15: The Show,PSV,2015.0,Sports,Sony Computer Entertainment,0.03,0.0,0.0,0.01,0.04
142,Gears of War,X360,2006.0,Shooter,Microsoft Game Studios,3.54,1.9,0.07,0.6,6.11
476,Devil May Cry,PS2,2001.0,Action,Capcom,1.36,0.86,0.64,0.13,2.99
1892,Endless Ocean,Wii,2007.0,Adventure,Nintendo,0.44,0.47,0.09,0.09,1.09
13535,Monster Trux Arenas: Special Edition,Wii,2007.0,Racing,Popcorn Arcade,0.04,0.0,0.0,0.0,0.04
12111,Ninja Warriors,SNES,1993.0,Action,Titus,0.0,0.0,0.07,0.0,0.07
14782,The Adventures of Lomax,PS,1996.0,Platform,Psygnosis,0.01,0.01,0.0,0.0,0.03
5707,Crash Nitro Kart,XB,2003.0,Racing,Vivendi Games,0.24,0.07,0.0,0.01,0.31
135,Red Dead Redemption,X360,2010.0,Action,Take-Two Interactive,3.7,1.97,0.09,0.57,6.34
11405,My English Coach: Para Hispanoparlantes,DS,2009.0,Misc,Ubisoft,0.08,0.0,0.0,0.01,0.08
10822,The X-Factor,X360,2010.0,Misc,Deep Silver,0.0,0.08,0.0,0.01,0.09
15606,Tsuki no Hikari: Shizumeru Kane no Satsujin,PS2,2002.0,Adventure,Victor Interactive,0.0,0.0,0.02,0.0,0.02
13668,Little Busters! Converted Edition,PSP,2010.0,Adventure,Prototype,0.0,0.0,0.04,0.0,0.04
5989,WinBack: Covert Operations,PS2,2000.0,Shooter,Midas Interactive Entertainment,0.14,0.11,0.0,0.04,0.29
7420,WipeOut 3 The Game,X360,2012.0,Action,Activision,0.2,0.0,0.0,0.01,0.21
2123,Tom Clancy's Splinter Cell: Blacklist,PS3,2013.0,Action,Ubisoft,0.34,0.41,0.06,0.18,0.98
7680,Taiko Drum Master,PS2,2004.0,Misc,Namco Bandai Games,0.1,0.08,0.0,0.03,0.2
8919,Major League Baseball 2K8,PS2,2008.0,Sports,Bethesda Softworks,0.07,0.06,0.0,0.02,0.15
5219,Breath of Fire II,SNES,1994.0,Role-Playing,Laguna,0.0,0.0,0.36,0.0,0.36
2555,The Next Tetris,PS,1998.0,Puzzle,Atari,0.45,0.31,0.0,0.05,0.81
1054,Personal Trainer: Math,DS,2007.0,Puzzle,Nintendo,0.49,1.12,0.0,0.09,1.7
4847,The Urbz: Sims in the City,GC,2004.0,Simulation,Electronic Arts,0.24,0.14,0.0,0.02,0.4
16118,Brain Exercise With Dr. Kawashima,PC,2009.0,Puzzle,Namco Bandai Games,0.0,0.01,0.0,0.0,0.01
12586,SingStar Mallorca Party,PS3,2009.0,Misc,Sony Computer Entertainment,0.0,0.04,0.0,0.02,0.06
10818,Halo 2,PC,2007.0,Shooter,Microsoft Game Studios,0.01,0.06,0.0,0.02,0.1
14049,Winter Sports 3: The Great Tournament,PS3,2010.0,Sports,Tradewest,0.0,0.03,0.0,0.01,0.04
4127,Skylanders: SuperChargers,WiiU,2015.0,Action,Activision,0.25,0.18,0.0,0.04,0.48
11669,GT Advance 3: Pro Concept Racing,GBA,2002.0,Racing,THQ,0.05,0.02,0.0,0.0,0.08
11063,Super Robot Taisen MX Portable,PSP,2005.0,Strategy,Banpresto,0.0,0.0,0.09,0.0,0.09
1003,FIFA Soccer 08,PS3,2007.0,Sports,Electronic Arts,0.35,1.07,0.02,0.32,1.76
13627,Duke Nukem Trilogy: Critical Mass,DS,2011.0,Shooter,Deep Silver,0.04,0.0,0.0,0.0,0.04
2002,F-Zero: Maximum Velocity,GBA,2001.0,Racing,Nintendo,0.39,0.16,0.37,0.12,1.04
10273,Transformers: Beast Wars Transmetals,PS,2000.0,Fighting,BAM! Entertainment,0.06,0.04,0.0,0.01,0.11
3761,Clock Tower,PS,1996.0,Adventure,ASCII Entertainment,0.07,0.05,0.38,0.03,0.53
5049,Rogue Trip: Vacation 2012,PS,1998.0,Racing,GT Interactive,0.21,0.14,0.0,0.02,0.38
7080,Tales of VS.,PSP,2009.0,Fighting,Namco Bandai Games,0.0,0.0,0.23,0.0,0.23
10642,GT64 Championship Edition,N64,1998.0,Racing,Ocean,0.08,0.02,0.0,0.0,0.1
822,Mario & Luigi: Dream Team,3DS,2013.0,Role-Playing,Nintendo,0.89,0.57,0.46,0.13,2.06
10163,Mobile Suit Gundam: MS Sensen 0079,Wii,2007.0,Simulation,Namco Bandai Games,0.0,0.0,0.11,0.0,0.11
6567,King of Fighters: Maximum Impact,PS2,2004.0,Fighting,Ignition Entertainment,0.13,0.1,0.0,0.03,0.26
13960,Pia Carrot e Youkoso!! 2.5,DC,2008.0,Adventure,NEC Interchannel,0.0,0.0,0.04,0.0,0.04
272,Uncharted 4: A Thief's End,PS4,2016.0,Shooter,Sony Computer Entertainment,1.3,2.07,0.18,0.65,4.2
13163,Tokimeki Memorial Girl's Side 2nd Kiss,PS2,2006.0,Adventure,Konami Digital Entertainment,0.0,0.0,0.05,0.0,0.05
6572,Star Trek: The Game,PS3,2013.0,Action,Namco Bandai Games,0.1,0.11,0.0,0.05,0.26
11822,Kessen III,PS2,2004.0,Strategy,Tecmo Koei,0.04,0.03,0.0,0.01,0.07
4493,Remington Great American Bird Hunt,Wii,2009.0,Sports,Mastiff,0.41,0.0,0.0,0.03,0.44
12338,Seaman 2: Peking Genjin Ikusei Kit,PS2,2007.0,Simulation,Sega,0.0,0.0,0.06,0.0,0.06
2204,Assassin's Creed III,PC,2012.0,Action,Ubisoft,0.28,0.53,0.0,0.13,0.94
8019,The Walking Dead: Season One,PSV,2013.0,Adventure,Square Enix,0.14,0.0,0.01,0.03,0.18
7385,NOÃ«L: NOT DiGITAL,PS,1996.0,Adventure,Pioneer LDC,0.0,0.0,0.2,0.01,0.21
10466,Learn Chess,DS,2009.0,Misc,DreamCatcher Interactive,0.1,0.0,0.0,0.01,0.1
5342,Disney Fairies: Tinker Bell and the Great Fairy Rescue,DS,2010.0,Adventure,Disney Interactive Studios,0.18,0.14,0.0,0.03,0.35
3748,Lego Star Wars: The Force Awakens,PS4,2016.0,Action,Warner Bros. Interactive Entertainment,0.14,0.32,0.0,0.08,0.54
12889,Goosebumps: The Game,3DS,2015.0,Adventure,WayForward Technologies,0.05,0.0,0.0,0.01,0.05
3281,Dragon Quest Monsters: Joker 2 Professional,DS,2011.0,Role-Playing,Square Enix,0.0,0.0,0.62,0.0,0.62
13842,Kidou Gekidan Haro Ichiza Gundam Mahjong DS: Oyaji nimo Agarareta koto nai noni!,DS,2005.0,Misc,Namco Bandai Games,0.0,0.0,0.04,0.0,0.04
9110,Risen,PC,2009.0,Role-Playing,Deep Silver,0.0,0.11,0.0,0.03,0.14
10328,Angry Birds Star Wars,WiiU,2013.0,Strategy,Activision,0.06,0.04,0.0,0.01,0.11
1761,FIFA Soccer 10,PSP,2009.0,Sports,Electronic Arts,0.15,0.68,0.01,0.32,1.16
1212,Fire Emblem Fates,3DS,2015.0,Role-Playing,Nintendo,0.71,0.22,0.52,0.1,1.54
4612,Marvel Super Hero Squad,DS,2009.0,Fighting,THQ,0.37,0.02,0.0,0.03,0.42
15675,NBA 07,PS2,2006.0,Sports,Sony Computer Entertainment,0.01,0.01,0.0,0.0,0.02
9995,Dead Island Definitive Collection,PS4,2016.0,Action,Deep Silver,0.02,0.07,0.01,0.02,0.12
15453,Winx Club: Saving Alfea,DS,2014.0,Action,Namco Bandai Games,0.02,0.0,0.0,0.0,0.02
3340,Wave Race: Blue Storm,GC,2001.0,Racing,Nintendo,0.4,0.1,0.09,0.02,0.6
1854,Triple Play 98,PS,1997.0,Sports,Electronic Arts,0.61,0.42,0.0,0.07,1.1
14870,Diabolik Lovers: Lunatic Parade,PSV,2016.0,Adventure,Idea Factory,0.0,0.0,0.03,0.0,0.03
7975,J-League Pro Soccer Club o Tsukurou! 5,PS2,2007.0,Sports,Sega,0.0,0.0,0.19,0.0,0.19
6866,MX vs. ATV Reflex,PSP,2009.0,Racing,THQ,0.18,0.03,0.0,0.03,0.24
10877,X-COM: UFO Defense,PS,1995.0,Strategy,Microprose,0.05,0.04,0.0,0.01,0.09
8964,Tamagotchi Collection,DS,2011.0,Misc,Namco Bandai Games,0.0,0.0,0.15,0.0,0.15
13036,Doraemon: Nobita no Kyouryuu 2006 DS,DS,2006.0,Role-Playing,Sega,0.0,0.0,0.05,0.0,0.05
14279,.hack: Sekai no Mukou ni + Versus,PS3,2012.0,Action,Namco Bandai Games,0.0,0.0,0.03,0.0,0.03
13073,Over the Hedge: Hammy Goes Nuts!,PSP,2006.0,Platform,Activision,0.05,0.0,0.0,0.0,0.05
16282,Rakushou! Pachi-Slot Sengen 6: Rio 2 Cruising Vanadis,PS2,2009.0,Misc,Tecmo Koei,0.0,0.0,0.01,0.0,0.01
10,Duck Hunt,NES,1984.0,Shooter,Nintendo,26.93,0.63,0.28,0.47,28.31
2916,F-14 Tomcat,GBA,2001.0,Action,Majesco Entertainment,0.5,0.19,0.0,0.01,0.7
2133,Mass Effect 3,PC,2012.0,Role-Playing,Electronic Arts,0.4,0.44,0.0,0.13,0.97
2590,Star Wars: The Force Unleashed II,Wii,2010.0,Action,LucasArts,0.54,0.19,0.0,0.06,0.8
9234,Ape Escape Academy (jp sales),PSP,2004.0,Misc,Sony Computer Entertainment,0.0,0.0,0.13,0.0,0.14
9592,Monopoly Party,GC,2002.0,Misc,Infogrames,0.1,0.03,0.0,0.0,0.13
9600,Fit in Six,PS3,2011.0,Sports,Ubisoft,0.12,0.0,0.0,0.01,0.13
7713,X-Men Origins: Wolverine,DS,2009.0,Action,Activision,0.15,0.03,0.0,0.02,0.2
1611,Star Wars Episode III: Revenge of the Sith,XB,2005.0,Action,Activision,0.82,0.38,0.0,0.04,1.24
3488,Rock Band 3,PS3,2010.0,Misc,MTV Games,0.43,0.09,0.0,0.06,0.58
5459,Deathtrap Dungeon,PS,1998.0,Action,Eidos Interactive,0.19,0.13,0.0,0.02,0.33
2789,Pirates of the Caribbean: At World's End,PS3,2007.0,Action,Disney Interactive Studios,0.17,0.41,0.0,0.15,0.74
2210,MVP Baseball 2005,XB,2005.0,Sports,Electronic Arts,0.7,0.2,0.0,0.03,0.94
2379,NBA 2K14,XOne,2013.0,Sports,Take-Two Interactive,0.7,0.11,0.0,0.06,0.87
12644,Racing Gears Advance,GBA,2004.0,Racing,Zoo Digital Publishing,0.04,0.02,0.0,0.0,0.06
3986,Spider-Man 2,DS,2004.0,Action,Activision,0.41,0.02,0.03,0.04,0.5
8484,Gunslingers,Wii,2010.0,Shooter,Neko Entertainment,0.08,0.06,0.0,0.02,0.16
7912,Shining Force II,GEN,1993.0,Strategy,Sega,0.0,0.0,0.19,0.0,0.19
15844,Usavichi: Game no Jikan,DS,2011.0,Action,Namco Bandai Games,0.0,0.0,0.02,0.0,0.02
2005,LEGO Indiana Jones 2: The Adventure Continues,X360,2009.0,Action,Activision,0.62,0.33,0.0,0.09,1.04
6015,Hamster Club 4: Shigessa Daidassou,GBA,2003.0,Simulation,Jorudan,0.0,0.0,0.28,0.01,0.29
12464,Metal Gear Solid: Social Ops,PS2,2002.0,Action,Konami Digital Entertainment,0.03,0.02,0.0,0.01,0.06
12715,Senritsu no Stratus,PSP,2011.0,Role-Playing,Konami Digital Entertainment,0.0,0.0,0.06,0.0,0.06
865,Burnout Paradise,PS3,2008.0,Racing,Electronic Arts,1.01,0.64,0.02,0.3,1.97
14621,Rugby League Live 3,X360,2015.0,Action,Tru Blu Entertainment,0.0,0.03,0.0,0.0,0.03
14424,Codename: Panzers Cold War,PC,2009.0,Strategy,Atari,0.0,0.02,0.0,0.01,0.03
12610,Magi: Aratanaru Sekai,3DS,2014.0,Role-Playing,Namco Bandai Games,0.0,0.0,0.06,0.0,0.06
7839,GunGriffon,SAT,1995.0,Simulation,Sega,0.0,0.0,0.19,0.0,0.19
4529,Ghostbusters: The Video Game,PS2,2009.0,Action,Atari,0.15,0.04,0.0,0.24,0.43
627,Mario Party 4,GC,2002.0,Misc,Nintendo,1.13,0.36,0.92,0.07,2.47
16374,S.Y.K: Shinsetsu Saiyuuki Portable,PSP,2010.0,Adventure,Idea Factory,0.0,0.0,0.01,0.0,0.01
15171,Super Nazo Puyo Tsuu: Ruruu no Tetsuwan Hanjyouki,SNES,1996.0,Puzzle,Compile,0.0,0.0,0.02,0.0,0.02
7890,Hisshou Pachinko*Pachi-Slot Kouryaku Series Vol. 5: CR Shinseiki Evangelion * Pachi-Slot Shinseiki Evangelion,PS2,2006.0,Misc,D3Publisher,0.0,0.0,0.19,0.0,0.19
6350,Shadow of Rome,PS2,2005.0,Action,Capcom,0.13,0.1,0.0,0.03,0.27
7078,Barbie as The Island Princess,GBA,2007.0,Adventure,Activision,0.16,0.06,0.0,0.0,0.23
9342,Suzumiya Haruhi no Tomadoi,PS2,2008.0,Adventure,Banpresto,0.0,0.0,0.13,0.0,0.13
9632,Victorious: Time to Shine,X360,2011.0,Action,D3Publisher,0.12,0.0,0.0,0.01,0.13
7201,LEGO The Lord of the Rings,PC,2012.0,Action,Warner Bros. Interactive Entertainment,0.07,0.13,0.0,0.03,0.22
7315,Dark Summit,PS2,2001.0,Sports,THQ,0.11,0.08,0.0,0.03,0.21
14584,Higurashi no Naku Koro ni Iki,PSV,2015.0,Action,Kaga Create,0.0,0.0,0.03,0.0,0.03
12433,Barbie and Her Sisters Puppy Rescue,Wii,2015.0,Action,Namco Bandai Games,0.0,0.06,0.0,0.0,0.06
15874,Full House Kiss 2,PS2,2006.0,Adventure,Capcom,0.0,0.0,0.02,0.0,0.02
4353,Rock Band Country Track Pack,Wii,2009.0,Misc,MTV Games,0.42,0.0,0.0,0.03,0.45
13280,Monster Hunter Frontier Online,PS3,,Role-Playing,,0.0,0.0,0.05,0.0,0.05
3602,Batman Begins,PS2,2005.0,Action,Electronic Arts,0.27,0.21,0.0,0.07,0.56
1156,Silent Hill,PS,1999.0,Action,Konami Digital Entertainment,0.71,0.48,0.3,0.1,1.6
9921,Bishoujo Senshi Sailormoon S: Juugai Rantou!? Shuyaku Soudatsusen,SNES,1994.0,Fighting,Angel Studios,0.0,0.0,0.12,0.0,0.12
14846,Pop'n Music 13 Carnival,PS2,2006.0,Simulation,Konami Digital Entertainment,0.0,0.0,0.03,0.0,0.03
6072,Dragon Ball Heroes: Ultimate Mission,3DS,2013.0,Misc,Namco Bandai Games,0.0,0.0,0.29,0.0,0.29
8999,Mega Man Powered Up,PSP,2006.0,Platform,Capcom,0.12,0.01,0.0,0.02,0.14
8164,All Grown Up! Express Yourself,GBA,2004.0,Misc,THQ,0.13,0.05,0.0,0.0,0.18
11828,Damage Inc.: Pacific Squadron WWII,X360,2012.0,Simulation,Mad Catz,0.07,0.0,0.0,0.01,0.07
12503,Cabela's Big Game Hunter (2008),X360,2007.0,Sports,Activision Value,0.06,0.0,0.0,0.0,0.06
9788,Go! Sudoku,PSP,2005.0,Puzzle,Sony Computer Entertainment,0.11,0.0,0.0,0.01,0.12
7981,Hot Wheels: Battle Force 5,Wii,2009.0,Racing,Activision,0.17,0.0,0.0,0.01,0.19
3876,NBA Live 2002,PS,2001.0,Sports,Electronic Arts,0.29,0.19,0.0,0.03,0.52
12018,Heavenly Guardian,Wii,2007.0,Shooter,505 Games,0.06,0.0,0.0,0.0,0.07
9465,Academy of Champions: Soccer,Wii,2009.0,Sports,Ubisoft,0.1,0.02,0.0,0.01,0.13
5548,Zaidan Houjin Nippon Kanji Nouryoku Kentei Kyoukai Kounin: KanKen DS 2 + Jouyou Kanji Jiten,DS,2007.0,Misc,Rocket Company,0.0,0.0,0.33,0.0,0.33
10814,Minority Report: Everybody Runs,XB,2002.0,Action,Activision,0.07,0.02,0.0,0.0,0.1
9249,Littlest Pet Shop: Spring,DS,2009.0,Simulation,Electronic Arts,0.12,0.0,0.0,0.01,0.14
5753,Cabela's Outdoor Adventures (2009),Wii,2009.0,Sports,Activision Value,0.29,0.0,0.0,0.02,0.31
8349,Disney TH!NK Fast: The Ultimate Trivia Showdown,PS2,2008.0,Misc,Disney Interactive Studios,0.08,0.06,0.0,0.02,0.17
10868,Blitz: Overtime,PSP,2006.0,Sports,Midway Games,0.09,0.0,0.0,0.01,0.09
1374,Disney's The Lion King,GEN,1994.0,Platform,Virgin Interactive,0.97,0.37,0.03,0.05,1.41
2702,Super Monkey Ball: Touch & Roll,DS,2005.0,Misc,Sega,0.7,0.01,0.0,0.06,0.76
6623,NASCAR 09,X360,2008.0,Racing,Electronic Arts,0.23,0.0,0.0,0.02,0.25
1049,Tetris Worlds,GBA,2001.0,Puzzle,THQ,1.25,0.39,0.0,0.06,1.71
7689,Forgotten Realms: Demon Stone,PS2,2004.0,Action,Atari,0.1,0.08,0.0,0.03,0.2
2697,Mortal Kombat,PSV,2012.0,Fighting,Warner Bros. Interactive Entertainment,0.47,0.18,0.0,0.12,0.76
14693,TV Total Events,Wii,2011.0,Misc,7G//AMES,0.0,0.02,0.0,0.0,0.03
24,Grand Theft Auto V,X360,2013.0,Action,Take-Two Interactive,9.63,5.31,0.06,1.38,16.38
9477,Street Fighter IV,PC,,Fighting,Capcom,0.07,0.04,0.0,0.02,0.13
8943,Galerians,PS,1999.0,Adventure,Crave Entertainment,0.08,0.06,0.0,0.01,0.15
12374,Jurassic Park III: Park Builder,GBA,2001.0,Simulation,Konami Digital Entertainment,0.04,0.02,0.0,0.0,0.06
14810,Captain Tsubasa J: The Way to World Youth,SNES,1995.0,Sports,Namco Bandai Games,0.0,0.0,0.03,0.0,0.03
14926,Room Zoom: Race for Impact,XB,2004.0,Racing,Jaleco,0.02,0.01,0.0,0.0,0.02
8802,Major League Baseball 2K10,DS,2010.0,Sports,Take-Two Interactive,0.14,0.0,0.0,0.01,0.15
251,The Elder Scrolls IV: Oblivion,X360,2006.0,Role-Playing,Take-Two Interactive,2.82,1.05,0.13,0.4,4.39
2304,Destruction Derby,PS,1995.0,Racing,Psygnosis,0.5,0.34,0.0,0.06,0.9
11562,New International Track & Field,DS,2008.0,Sports,Konami Digital Entertainment,0.07,0.0,0.0,0.01,0.08
8378,Sword of the Samurai,PS2,,Fighting,Ubisoft,0.0,0.0,0.17,0.0,0.17
8911,Metal Gear Solid: Peace Walker HD Edition,PS3,2011.0,Action,Konami Digital Entertainment,0.0,0.0,0.15,0.0,0.15
1973,Adventure Island,NES,1986.0,Platform,Hudson Soft,0.0,0.0,1.05,0.0,1.05
8023,Siren,PS2,2003.0,Adventure,Sony Computer Entertainment,0.09,0.07,0.0,0.02,0.18
8167,Skate it,DS,2008.0,Sports,Electronic Arts,0.14,0.02,0.0,0.01,0.18
76,The Elder Scrolls V: Skyrim,X360,2011.0,Role-Playing,Bethesda Softworks,5.03,2.86,0.1,0.85,8.84
11707,Mind Quiz: Your Brain Coach,DS,2006.0,Misc,Ubisoft,0.0,0.0,0.08,0.0,0.08
2820,Shaun Palmer's Pro Snowboarder,PS2,2001.0,Sports,Codemasters,0.36,0.28,0.0,0.09,0.73
16101,Ben 10 Omniverse 2,X360,2013.0,Action,Namco Bandai Games,0.0,0.01,0.0,0.0,0.01
13025,Mortal Kombat X,PC,2015.0,Fighting,Warner Bros. Interactive Entertainment,0.01,0.04,0.0,0.0,0.05
15437,Horrid Henry: Missions of Mischief,Wii,2010.0,Adventure,SouthPeak Games,0.0,0.02,0.0,0.0,0.02
7147,Star Trek: The Game,X360,2013.0,Action,Namco Bandai Games,0.12,0.09,0.0,0.02,0.22
8409,Tokimeki Memorial: Private Collection,PS,1996.0,Misc,Konami Digital Entertainment,0.0,0.0,0.16,0.01,0.17
4295,Space Invaders,SNES,1994.0,Shooter,Taito,0.0,0.0,0.46,0.0,0.46
7581,NBA 2K2,XB,2002.0,Sports,Sega,0.15,0.04,0.0,0.01,0.2
16113,DoDonPachi Saidaioujou,X360,2013.0,Shooter,Cave,0.0,0.0,0.01,0.0,0.01
12740,FIFA Soccer 06,DS,2005.0,Sports,Electronic Arts,0.05,0.0,0.0,0.0,0.06
15721,Marvel Superheroes 3D: Grandmaster's Challenge,Wii,2010.0,Action,Neko Entertainment,0.0,0.01,0.0,0.0,0.02
301,Professor Layton and the Diabolical Box,DS,2007.0,Puzzle,Nintendo,0.92,1.78,0.92,0.37,4.0
4831,Mortal Kombat Mythologies: Sub-Zero,N64,1997.0,Fighting,Midway Games,0.32,0.07,0.0,0.0,0.4
6129,Yu-Gi-Oh! Double Pack,GBA,2006.0,Role-Playing,Konami Digital Entertainment,0.2,0.08,0.0,0.01,0.28
5686,Shrek the Third,PSP,2007.0,Action,Activision,0.08,0.15,0.0,0.09,0.32
7132,3rd Super Robot Wars Z Jigoku Hen,PS3,2014.0,Role-Playing,Namco Bandai Games,0.0,0.0,0.23,0.0,0.23
8627,FIFA Soccer 96,PS,1995.0,Sports,Electronic Arts,0.09,0.06,0.0,0.01,0.16
6379,America's Test Kitchen: Let's Get Cooking,DS,2010.0,Simulation,Nintendo,0.25,0.0,0.0,0.02,0.27
3394,Jampack Fall 2001,PS,2001.0,Misc,Sony Computer Entertainment,0.33,0.22,0.0,0.04,0.59
15264,Mario Tennis,3DS,,Sports,,0.0,0.0,0.02,0.0,0.02
1067,WCW/NWO Thunder,PS,1998.0,Fighting,THQ,1.1,0.48,0.04,0.07,1.69
5839,Trauma Center: New Blood,Wii,2007.0,Simulation,Nintendo,0.22,0.04,0.01,0.03,0.3
1483,Pokemon Ranger: Guardian Signs,DS,2010.0,Role-Playing,Nintendo,0.51,0.17,0.58,0.06,1.33
7738,Iron Chef America: Supreme Cuisine,DS,2008.0,Simulation,Destineer,0.18,0.0,0.0,0.01,0.19
1781,Asteroids,PS,1998.0,Shooter,Success,0.64,0.43,0.0,0.07,1.15
7755,"Ni Hao, Kai-lan: Super Game Day",Wii,2009.0,Misc,Take-Two Interactive,0.18,0.0,0.0,0.01,0.19
7791,Breath of Fire: Dragon Quarter,PS2,2002.0,Role-Playing,Capcom,0.09,0.07,0.0,0.02,0.19
912,Madden NFL 09,PS3,2008.0,Sports,Electronic Arts,1.56,0.15,0.0,0.18,1.89
4805,Harry Potter: Quidditch World Cup,GC,2003.0,Sports,Electronic Arts,0.31,0.08,0.0,0.01,0.4
4641,JumpStart: Escape from Adventure Island,Wii,2009.0,Adventure,Knowledge Adventure,0.39,0.0,0.0,0.03,0.42
2665,Madden NFL 25,XOne,2013.0,Sports,Electronic Arts,0.67,0.05,0.0,0.05,0.77
2610,Star Wars The Clone Wars: Jedi Alliance,DS,2008.0,Action,LucasArts,0.62,0.11,0.0,0.07,0.79
16028,The Last Remnant,PC,2009.0,Role-Playing,Square Enix,0.0,0.01,0.0,0.0,0.01
5981,Lupin the 3rd: Treasure of the Sorcerer King,PS2,2002.0,Adventure,505 Games,0.02,0.02,0.25,0.01,0.29
13184,"Lupin III: Lupin ni wa Shi o, Zenigata ni wa Koi o",PS2,2007.0,Adventure,505 Games,0.0,0.0,0.05,0.0,0.05
4921,Wipeout 2048,PSV,2012.0,Racing,Sony Computer Entertainment,0.14,0.19,0.0,0.06,0.39
13187,Alter Echo,XB,2003.0,Shooter,THQ,0.04,0.01,0.0,0.0,0.05
15191,Fritz Chess,DS,2009.0,Strategy,Deep Silver,0.02,0.0,0.0,0.0,0.02
10508,Astro Boy: The Video Game,DS,2009.0,Action,D3Publisher,0.09,0.0,0.0,0.01,0.1
4038,SpongeBob SquarePants: Creature from the Krusty Krab,DS,2006.0,Platform,THQ,0.45,0.0,0.0,0.04,0.49
2808,Berzerk,2600,1981.0,Shooter,Atari,0.68,0.04,0.0,0.01,0.73
16080,Destiny Links,DS,2009.0,Role-Playing,Namco Bandai Games,0.0,0.0,0.01,0.0,0.01
8437,Midway Arcade Treasures,GC,2003.0,Misc,Midway Games,0.13,0.03,0.0,0.0,0.17
4388,Samurai Warriors: Xtreme Legends,PS2,2004.0,Action,Tecmo Koei,0.04,0.03,0.36,0.01,0.45
3913,"Transformers: War for Cybertron (XBox 360, PS3, & PC Versions)",PS3,2010.0,Shooter,Activision,0.24,0.19,0.0,0.08,0.51
12640,Game of Thrones (Telltale),PS3,2015.0,Adventure,Telltale Games,0.02,0.03,0.0,0.01,0.06
4032,Lollipop Chainsaw,X360,2012.0,Action,Warner Bros. Interactive Entertainment,0.31,0.13,0.02,0.04,0.49
5485,Tak 2: The Staff of Dreams,GC,2004.0,Platform,THQ,0.26,0.07,0.0,0.01,0.33
15226,Kannou Mukashi Banashi Portable,PSP,2012.0,Adventure,Idea Factory,0.0,0.0,0.02,0.0,0.02
883,Dragon Ball Z: Budokai 3,PS2,2004.0,Fighting,Atari,1.09,0.15,0.65,0.04,1.94
7607,No More Heroes: Heroes' Paradise,PS3,2010.0,Action,Konami Digital Entertainment,0.1,0.04,0.04,0.02,0.2
7017,Imagine: Detective,DS,2009.0,Simulation,Ubisoft,0.16,0.01,0.0,0.06,0.23
15125,SAW,PC,2009.0,Action,Konami Digital Entertainment,0.0,0.02,0.0,0.0,0.02
6692,Gex 64: Enter the Gecko,N64,1998.0,Action,GT Interactive,0.2,0.05,0.0,0.0,0.25
1943,Junior Brain Trainer,DS,2008.0,Misc,GSP,0.23,0.74,0.0,0.1,1.06
7202,Hitman: HD Trilogy,PS3,2013.0,Action,Square Enix,0.07,0.1,0.0,0.04,0.22
4538,NHL Slapshot,Wii,,Sports,Unknown,0.4,0.0,0.0,0.02,0.43
1958,Dora the Explorer: Dora Saves the Mermaids,DS,2007.0,Platform,Take-Two Interactive,0.97,0.01,0.0,0.08,1.06
15101,ScrapLand,XB,2005.0,Action,Deep Silver,0.02,0.0,0.0,0.0,0.02
2866,Top Spin 4,PS3,2011.0,Sports,Take-Two Interactive,0.17,0.4,0.0,0.14,0.71
12000,Super Robot Taisen OG Saga: Masou Kishin III - Pride of Justice,PS3,2013.0,Strategy,Namco Bandai Games,0.0,0.0,0.07,0.0,0.07
300,Fallout 3,PS3,2008.0,Role-Playing,Bethesda Softworks,2.15,1.2,0.07,0.59,4.01
15371,Meitantei Conan: Kieta Hakase to Machigai Sagashi no Tou,DS,2008.0,Adventure,Namco Bandai Games,0.0,0.0,0.02,0.0,0.02
15096,Toxic Grind,XB,2002.0,Sports,THQ,0.02,0.0,0.0,0.0,0.02
6718,Medabots AX: Metabee,GBA,2002.0,Role-Playing,Natsume,0.18,0.07,0.0,0.0,0.25
10510,Beyond Good & Evil,XB,2003.0,Adventure,Ubisoft,0.08,0.02,0.0,0.0,0.1
12719,Wantame Fortune Channel,DS,2007.0,Misc,Capcom,0.0,0.0,0.06,0.0,0.06
2682,Maximo: Ghosts to Glory,PS2,2001.0,Platform,Capcom,0.38,0.29,0.0,0.1,0.77
16157,Bratz: Forever Diamondz,PS2,2006.0,Adventure,THQ,0.01,0.01,0.0,0.0,0.01
7489,Bugs Bunny & Taz: Time Busters,PS,2000.0,Adventure,Infogrames,0.11,0.08,0.0,0.01,0.21
3264,Wipeout: The Game,DS,2010.0,Misc,Activision,0.58,0.0,0.0,0.04,0.62
12502,NBA Hangtime,PS,1996.0,Sports,Midway Games,0.03,0.02,0.0,0.0,0.06
9092,Hexyz Force,PSP,2009.0,Role-Playing,Atlus,0.07,0.0,0.06,0.01,0.14
13422,The Bible Game,XB,2005.0,Misc,Crave Entertainment,0.03,0.01,0.0,0.0,0.05
16405,Tenchu San Portable,PSP,2009.0,Action,From Software,0.0,0.0,0.01,0.0,0.01
6769,Classic NES Series: Xevious,GBA,2004.0,Shooter,Nintendo,0.08,0.03,0.12,0.01,0.25
1201,BioShock 2,PS3,2010.0,Shooter,Take-Two Interactive,0.85,0.47,0.02,0.22,1.55
15826,Busou Renkin: Youkoso Papillon Park e,PS2,2007.0,Action,Marvelous Interactive,0.0,0.0,0.02,0.0,0.02
7185,Hidden Mysteries: Buckingham Palace,DS,2010.0,Puzzle,Avanquest,0.13,0.07,0.0,0.02,0.22
6387,Dora the Explorer: Dora Saves the Crystal Kingdom,Wii,2009.0,Misc,Take-Two Interactive,0.24,0.01,0.0,0.02,0.27
11651,Slayers Royal 2,SAT,1998.0,Role-Playing,Kadokawa Shoten,0.0,0.0,0.08,0.0,0.08
8469,Phantasy Star Online 2,PSV,2013.0,Role-Playing,Sega,0.0,0.0,0.16,0.0,0.16
7929,Daigasso! Band Brothers,DS,2004.0,Misc,Nintendo,0.0,0.0,0.19,0.0,0.19
9402,Over the Hedge: Hammy Goes Nuts!,DS,2006.0,Platform,Activision,0.12,0.0,0.0,0.01,0.13
4041,FIFA Soccer 09,DS,2008.0,Sports,Electronic Arts,0.12,0.31,0.0,0.06,0.49
5483,BeatMania Append GottaMix,PS,1999.0,Simulation,Konami Digital Entertainment,0.0,0.0,0.31,0.02,0.33
702,Mario Bros.,NES,1983.0,Platform,Nintendo,0.51,0.12,1.63,0.02,2.28
3427,Lost: Via Domus,X360,2008.0,Action,Ubisoft,0.18,0.34,0.0,0.07,0.59
6969,Hot Wheels: Beat That!,DS,2007.0,Racing,Activision,0.22,0.0,0.0,0.02,0.23
445,Personal Trainer: Cooking,DS,2006.0,Misc,Nintendo,0.91,1.0,1.03,0.17,3.12
8086,Dengeki Bunko Fighting Climax,PSV,2014.0,Fighting,Sega,0.08,0.0,0.07,0.03,0.18
13411,Brave Story: New Traveller (jp sales),PSP,2006.0,Role-Playing,Sony Computer Entertainment,0.0,0.0,0.05,0.0,0.05
1448,The Simpsons: Hit & Run,XB,2003.0,Racing,Vivendi Games,0.7,0.58,0.0,0.07,1.35
5122,Yarudora Series Vol.1: Double Cast,PS,1998.0,Adventure,Sony Computer Entertainment,0.0,0.0,0.35,0.02,0.37
14543,Commander: Conquest of the Americas,PC,2010.0,Strategy,Paradox Interactive,0.0,0.02,0.0,0.01,0.03
5368,Freeway,2600,1980.0,Action,Activision,0.32,0.02,0.0,0.0,0.34
3973,Babysitting Mama,Wii,2010.0,Simulation,505 Games,0.34,0.12,0.0,0.04,0.5
8606,TimeShift,PS3,2007.0,Shooter,Vivendi Games,0.14,0.01,0.0,0.01,0.16
1866,SingStar Legends,PS2,2006.0,Misc,Sony Computer Entertainment,0.12,0.75,0.0,0.23,1.1
932,NBA Live 2002,PS2,2001.0,Sports,Electronic Arts,0.91,0.71,0.0,0.24,1.86
14163,Tsuyo Kiss: Mighty Heart,PS2,2006.0,Adventure,Princess Soft,0.0,0.0,0.03,0.0,0.03
8745,NHL 2K10,PS3,2009.0,Sports,Take-Two Interactive,0.13,0.01,0.0,0.01,0.15
3364,Skylanders SWAP Force,WiiU,2013.0,Platform,Activision,0.4,0.15,0.0,0.06,0.6
14230,JoJo's Bizarre Adventure: Eyes of Heaven,PS4,2015.0,Fighting,Namco Bandai Games,0.0,0.0,0.03,0.0,0.03
12218,One Piece: Unlimited World Red,WiiU,2014.0,Action,Namco Bandai Games,0.0,0.04,0.02,0.0,0.07
3391,Jikkyou Powerful Pro Yakyuu '97 Kaimakuban,PS,1997.0,Sports,Konami Digital Entertainment,0.0,0.0,0.56,0.04,0.59
8161,Charlie and the Chocolate Factory,GC,2005.0,Adventure,Global Star,0.14,0.04,0.0,0.0,0.18
4322,Crash: Mind Over Mutant,Wii,2008.0,Platform,Vivendi Games,0.36,0.06,0.0,0.03,0.45
5848,Lizzie McGuire 3: Homecoming Havoc,GBA,2005.0,Platform,Disney Interactive Studios,0.22,0.08,0.0,0.01,0.3
16194,Homeworld Remastered Collection,PC,,Strategy,,0.0,0.01,0.0,0.0,0.01
4181,Virtua Tennis 4: World Tour,PSV,2011.0,Sports,Sega,0.05,0.3,0.01,0.12,0.47
1048,Kanshuu Nippon Joushikiryoku Kentei Kyoukai: Imasara Hito ni wa Kikenai Otona no Joushikiryoku Training DS,DS,2006.0,Misc,Nintendo,0.0,0.0,1.71,0.0,1.71
757,The Sims: House Party,PC,2001.0,Simulation,Electronic Arts,1.23,0.83,0.0,0.1,2.16
2225,Tony Hawk's Pro Skater 4,XB,2002.0,Sports,Activision,0.59,0.3,0.0,0.04,0.93
6917,Tiger Woods PGA Tour 10,PSP,2009.0,Sports,Electronic Arts,0.12,0.07,0.0,0.05,0.24
9433,Cabela's Dangerous Hunts 2009,X360,2008.0,Sports,Activision,0.12,0.0,0.0,0.01,0.13
7078,Barbie as The Island Princess,GBA,2007.0,Adventure,Activision,0.16,0.06,0.0,0.0,0.23
156,Tetris,NES,1988.0,Puzzle,Nintendo,2.97,0.69,1.81,0.11,5.58
16155,Izumo 2,PS2,2006.0,Adventure,GN Software,0.0,0.0,0.01,0.0,0.01
2237,Toy Story 2: Buzz Lightyear to the Rescue!,N64,1999.0,Platform,Activision,0.71,0.2,0.0,0.01,0.93
1591,Reel Fishing,PS,1996.0,Sports,Natsume,0.99,0.13,0.1,0.04,1.25
1820,Supercar Street Challenge,PS2,2001.0,Racing,Activision,0.55,0.43,0.0,0.14,1.12
1763,Worldwide Soccer Manager 2009,PC,2008.0,Simulation,Sega,0.0,1.14,0.0,0.01,1.15
2483,Ace Combat 3: Electrosphere,PS,1999.0,Simulation,Sony Computer Entertainment,0.22,0.15,0.4,0.05,0.83
5123,Dungeon Siege III,X360,2011.0,Role-Playing,Square Enix,0.21,0.12,0.01,0.03,0.37
12730,Aggressive Inline,GC,2002.0,Sports,Acclaim Entertainment,0.04,0.01,0.0,0.0,0.06
6206,Moshi Monsters: Moshlings Theme Park,3DS,2012.0,Misc,Activision,0.13,0.13,0.0,0.03,0.28
7924,Mushroom Men: The Spore Wars,Wii,2008.0,Action,SouthPeak Games,0.17,0.01,0.0,0.01,0.19
3124,Mary-Kate and Ashley: Magical Mystery Mall,PS,2000.0,Adventure,Acclaim Entertainment,0.36,0.24,0.0,0.04,0.65
1847,Lumines: Puzzle Fusion,PSP,2004.0,Puzzle,Ubisoft,0.52,0.35,0.0,0.23,1.11
12959,Myth Makers: Orbs of Doom,Wii,2007.0,Puzzle,Popcorn Arcade,0.05,0.0,0.0,0.0,0.05
3143,Test Drive Unlimited 2,PS3,,Racing,Atari,0.16,0.35,0.01,0.12,0.64
11115,Crysis: Maximum Edition,PC,2009.0,Shooter,Electronic Arts,0.0,0.07,0.0,0.02,0.09
14503,GTR Evolution,PC,2008.0,Racing,Atari,0.0,0.02,0.0,0.01,0.03
3301,Texas Hold 'Em Poker,GBA,2004.0,Misc,Majesco Entertainment,0.44,0.16,0.0,0.01,0.61
9752,Mobile Suit Gundam Seed: Rengou vs. Z.A.F.T. Portable,PSP,2007.0,Shooter,Namco Bandai Games,0.0,0.0,0.12,0.0,0.12
15163,Jojo's Bizarre Adventure,PS,1999.0,Fighting,Virgin Interactive,0.01,0.01,0.0,0.0,0.02
7176,Hamtaro: Ham-Ham Games,GBA,2004.0,Sports,Nintendo,0.16,0.06,0.0,0.0,0.22
4296,.hack//Outbreak Part 3,PS2,2002.0,Role-Playing,Atari,0.14,0.11,0.17,0.04,0.46
3341,Backyard Wrestling: Don't Try This at Home,PS2,2003.0,Fighting,Eidos Interactive,0.3,0.23,0.0,0.08,0.6
11184,Jimmy Neutron: Boy Genius,GC,2002.0,Platform,THQ,0.07,0.02,0.0,0.0,0.09
15908,Sengoku Efuda Yuugi: Hototogisu Ran,PSP,2008.0,Misc,Irem Software Engineering,0.0,0.0,0.02,0.0,0.02
1692,Pro Evolution Soccer 2008,Wii,2008.0,Sports,Konami Digital Entertainment,0.09,0.84,0.11,0.15,1.19
11819,I-Ninja,XB,2003.0,Platform,Namco Bandai Games,0.05,0.02,0.0,0.0,0.07
9218,Ninjatown,DS,2008.0,Strategy,SouthPeak Games,0.12,0.0,0.0,0.01,0.14
16562,Sugar + Spice! Anoko no Suteki na Nanimokamo,PS2,2008.0,Adventure,Alchemist,0.0,0.0,0.01,0.0,0.01
16522,Bakumatsu Rock: Ultra Soul,PSP,2014.0,Misc,Marvelous Interactive,0.0,0.0,0.01,0.0,0.01
12454,S.T.A.L.K.E.R.: Call of Pripyat,PC,2009.0,Shooter,Namco Bandai Games,0.0,0.05,0.0,0.01,0.06
328,Just Dance 2014,Wii,2013.0,Misc,Ubisoft,1.98,1.47,0.0,0.32,3.76
1495,Mega Man Battle Network 4: Red Sun / Blue Moon,GBA,2003.0,Role-Playing,Capcom,0.31,0.04,0.96,0.01,1.32
10017,Mechanic Master,DS,2008.0,Puzzle,Midway Games,0.1,0.0,0.0,0.01,0.11
10307,Hellboy: The Science of Evil,X360,2008.0,Action,Konami Digital Entertainment,0.1,0.0,0.0,0.01,0.11
8769,Kingdom Under Fire: Heroes,XB,2005.0,Strategy,Deep Silver,0.11,0.03,0.0,0.01,0.15
15945,UNO 52,DS,2006.0,Misc,Zoo Digital Publishing,0.01,0.0,0.0,0.0,0.02
3980,Star Wars: Jedi Starfighter,PS2,2002.0,Simulation,Activision,0.24,0.19,0.0,0.06,0.5
3874,Iron Man,DS,2008.0,Action,Sega,0.35,0.12,0.0,0.05,0.52
5771,Star Wars Jedi Knight II: Jedi Outcast,XB,,Shooter,Activision,0.23,0.07,0.0,0.01,0.31
13908,Battle Hunter,PS,1999.0,Strategy,Midas Interactive Entertainment,0.02,0.01,0.0,0.0,0.04
12156,Driver: Parallel Lines,XB,2006.0,Racing,Atari,0.05,0.01,0.0,0.0,0.07
13580,SX Superstar,XB,2003.0,Racing,Acclaim Entertainment,0.03,0.01,0.0,0.0,0.04
10133,Pocket Pets,DS,2007.0,Simulation,O3 Entertainment,0.1,0.0,0.0,0.01,0.11
11513,Jillian Michaels Fitness Ultimatum 2010,DS,2009.0,Sports,Majesco Entertainment,0.07,0.0,0.0,0.01,0.08
12647,Syphon Filter: Logan's Shadow,PS2,2010.0,Shooter,Sony Computer Entertainment,0.03,0.02,0.0,0.01,0.06
4038,SpongeBob SquarePants: Creature from the Krusty Krab,DS,2006.0,Platform,THQ,0.45,0.0,0.0,0.04,0.49
3870,Harry Potter and the Prisoner of Azkaban,GBA,2004.0,Action,Electronic Arts,0.37,0.14,0.0,0.01,0.52
9162,The Operative: No One Lives Forever,PS2,2002.0,Shooter,Electronic Arts,0.07,0.05,0.0,0.02,0.14
12157,Cities XL 2012,PC,2011.0,Strategy,Focus Home Interactive,0.01,0.05,0.0,0.01,0.07
1945,DiRT,PS3,2007.0,Racing,Codemasters,0.16,0.67,0.0,0.23,1.06
4495,Alpha Protocol,PS3,2010.0,Role-Playing,Sega,0.19,0.18,0.0,0.07,0.43
303,Namco Museum: 50th Anniversary,PS2,2005.0,Misc,Namco Bandai Games,2.08,1.35,0.0,0.54,3.98
8544,SeaWorld Adventure Parks: Shamu's Deep Sea Adventure,PS2,2005.0,Adventure,Activision,0.08,0.06,0.0,0.02,0.16
10351,Black Bass with Blue Marlin,PS,1999.0,Sports,Starfish,0.06,0.04,0.0,0.01,0.11
10130,J-League Winning Eleven 9: Asia Championship,PS2,2005.0,Sports,Konami Digital Entertainment,0.0,0.0,0.11,0.0,0.11
330,Super Paper Mario,Wii,2007.0,Platform,Nintendo,1.98,0.88,0.59,0.32,3.76
15049,Ceville,PC,2009.0,Action,Kalypso Media,0.0,0.02,0.0,0.0,0.02
7135,Spec Ops: The Line,PC,2012.0,Shooter,Take-Two Interactive,0.11,0.09,0.0,0.03,0.23
4147,Sonic the Hedgehog,PS3,,Platform,,0.0,0.48,0.0,0.0,0.48
6641,Spy Kids Challenger,GBA,2002.0,Platform,Disney Interactive Studios,0.18,0.07,0.0,0.0,0.25
9958,Tokyo Twilight Ghost Hunters,PSV,2014.0,Role-Playing,Aksys Games,0.06,0.01,0.02,0.02,0.12
11922,Karaoke Revolution Party,GC,2005.0,Misc,Konami Digital Entertainment,0.05,0.01,0.0,0.0,0.07
15030,Kensei: Sacred Fist,PS,1997.0,Fighting,Konami Digital Entertainment,0.01,0.01,0.0,0.0,0.02
13330,Pool Party,Wii,2007.0,Sports,SouthPeak Games,0.04,0.0,0.0,0.0,0.05
16222,Thunder Alley,GBA,2004.0,Racing,XS Games,0.01,0.0,0.0,0.0,0.01
524,Imagine: Fashion Designer,DS,2007.0,Simulation,Ubisoft,1.32,1.19,0.0,0.3,2.81
11417,Cloudy With a Chance of Meatballs,PSP,2009.0,Platform,Ubisoft,0.07,0.0,0.0,0.01,0.08
8014,Buffy the Vampire Slayer: Chaos Bleeds,PS2,2003.0,Action,Vivendi Games,0.09,0.07,0.0,0.02,0.18
13398,Hakuouki: Bakumatsu Musou Roku,PSP,2012.0,Action,Idea Factory,0.0,0.0,0.05,0.0,0.05
13974,Chaos Wars,PS2,2006.0,Strategy,Idea Factory,0.0,0.0,0.04,0.0,0.04
14035,Power Play Pool,DS,2006.0,Sports,System 3 Arcade Software,0.03,0.0,0.0,0.0,0.04
3497,Rooms: The Main Building,DS,2010.0,Adventure,Nintendo,0.1,0.41,0.01,0.06,0.58
8626,Naruto: Ultimate Ninja Heroes 2 - The Phantom Fortress,PSP,2006.0,Fighting,Atari,0.14,0.0,0.0,0.01,0.16
12638,Adventures of Lolo,NES,1989.0,Puzzle,HAL Laboratory,0.06,0.0,0.0,0.0,0.06
7938,Chibi-Robo! Park Patrol,DS,2007.0,Adventure,Unknown,0.0,0.0,0.19,0.0,0.19
14770,The Sims 2: Bon Voyage,PC,2007.0,Simulation,Electronic Arts,0.01,0.01,0.0,0.0,0.03
613,Tomb Raider (2013),PS3,2013.0,Action,Square Enix,0.6,1.31,0.08,0.52,2.51
3821,Wayne Gretzky's 3D Hockey,N64,1996.0,Sports,Nintendo,0.49,0.03,0.0,0.0,0.53
5804,40 Winks,PS,1999.0,Platform,GT Interactive,0.17,0.12,0.0,0.02,0.31
7962,Farmtopia,DS,2010.0,Simulation,505 Games,0.18,0.0,0.0,0.01,0.19
16016,Codename: Panzers Phase Two,PC,2005.0,Strategy,CDV Software Entertainment,0.0,0.01,0.0,0.0,0.01
5031,NBA 2K7,PS3,2006.0,Sports,Take-Two Interactive,0.3,0.04,0.0,0.04,0.38
10077,18 Wheeler: American Pro Trucker,GC,2002.0,Racing,Acclaim Entertainment,0.09,0.02,0.0,0.0,0.11
14844,SWAT 4,PC,2005.0,Shooter,Vivendi Games,0.0,0.02,0.0,0.0,0.03
10797,Street Fighter Collection,PS,1997.0,Fighting,Capcom,0.0,0.0,0.09,0.01,0.1
11170,Bleach GC: Tasogare Ni Mamieru Shinigami,GC,2005.0,Fighting,Sega,0.0,0.0,0.08,0.0,0.09
13945,Texas Hold 'Em Poker DS,DS,2005.0,Misc,Majesco Entertainment,0.03,0.0,0.0,0.0,0.04
10695,Predator: Concrete Jungle,XB,2005.0,Action,Vivendi Games,0.07,0.02,0.0,0.0,0.1
13558,Record of Agarest War: Marriage,PSP,2012.0,Role-Playing,Compile Heart,0.0,0.0,0.04,0.0,0.04
7590,Super Dodge Ball Advance,GBA,2001.0,Sports,Ubisoft,0.14,0.05,0.0,0.0,0.2
12966,Virtua Striker 2002,GC,2002.0,Sports,Sega,0.01,0.0,0.03,0.0,0.05
12281,BMX XXX,GC,2002.0,Sports,Acclaim Entertainment,0.05,0.01,0.0,0.0,0.06
9093,OutRun 2,XB,2004.0,Racing,Sega,0.11,0.03,0.0,0.01,0.14
12335,Killer Instinct (2013),XOne,2013.0,Fighting,Microsoft Game Studios,0.03,0.03,0.0,0.01,0.06
7894,The Heavy Rain and Beyond: Two Souls Collection,PS4,2016.0,Action,Sony Computer Entertainment,0.0,0.16,0.0,0.03,0.19
2135,Fire Emblem,GBA,2003.0,Strategy,Nintendo,0.49,0.18,0.29,0.01,0.97
11716,Medal of Honor: Underground,GBA,2002.0,Shooter,Zoo Digital Publishing,0.05,0.02,0.0,0.0,0.08
7515,Backyard NFL Football 2006,PS2,2005.0,Sports,Atari,0.1,0.08,0.0,0.03,0.2
14948,Warhammer Online: Age of Reckoning,PC,2008.0,Role-Playing,GOA,0.0,0.02,0.0,0.0,0.02
11617,Whac-A-Mole,DS,2005.0,Puzzle,Zoo Digital Publishing,0.07,0.0,0.0,0.01,0.08
7938,Chibi-Robo! Park Patrol,DS,2007.0,Adventure,Unknown,0.0,0.0,0.19,0.0,0.19
14594,Rugby League Live,PS3,2010.0,Sports,Home Entertainment Suppliers,0.0,0.02,0.0,0.01,0.03
11296,ZhuZhu Babies,DS,2011.0,Simulation,Activision,0.07,0.01,0.0,0.01,0.08
16047,Instant Brain,X360,2011.0,Adventure,Cave,0.0,0.0,0.01,0.0,0.01
4224,Metal Gear Solid: The Twin Snakes,GC,2004.0,Action,Konami Digital Entertainment,0.3,0.08,0.07,0.01,0.47
3247,Sacred 2: Fallen Angel,PS3,2009.0,Role-Playing,Deep Silver,0.22,0.23,0.08,0.09,0.62
8790,Marvel Super Hero Squad: The Infinity Gauntlet,X360,2010.0,Action,THQ,0.12,0.02,0.0,0.01,0.15
12337,Steins;Gate: Senkei Kousoku no Phonogram,PS3,2013.0,Adventure,5pb,0.0,0.0,0.06,0.0,0.06
4608,NiGHTS: Journey of Dreams,Wii,2007.0,Platform,Sega,0.33,0.03,0.04,0.03,0.42
14056,DarkStar One,PC,2006.0,Simulation,Ubisoft,0.0,0.03,0.0,0.01,0.04
16489,Case Closed: One Truth Prevails,Wii,2007.0,Adventure,Nobilis,0.0,0.0,0.01,0.0,0.01
10097,JASF: Jane's Advanced Strike Fighters,PS3,2011.0,Simulation,Deep Silver,0.07,0.03,0.0,0.02,0.11
4887,NHL 99,N64,1998.0,Sports,Electronic Arts,0.38,0.01,0.0,0.0,0.39
184,New Super Mario Bros. U,WiiU,2012.0,Platform,Nintendo,2.32,1.3,1.27,0.31,5.19
12869,Vertigo,Wii,2009.0,Strategy,Playlogic Game Factory,0.05,0.0,0.0,0.0,0.05
6152,Arcade Hits: Frisky Tom,PS,2002.0,Action,Hamster Corporation,0.16,0.11,0.0,0.02,0.28
12719,Wantame Fortune Channel,DS,2007.0,Misc,Capcom,0.0,0.0,0.06,0.0,0.06
4971,Samurai Warriors Chronicles,3DS,2011.0,Action,Tecmo Koei,0.12,0.05,0.2,0.01,0.39
8428,Street Fighter Alpha 2,SNES,1996.0,Fighting,Nintendo,0.0,0.0,0.17,0.0,0.17
16164,htoL#NiQ: The Firefly Diary,PSV,2014.0,Platform,Nippon Ichi Software,0.0,0.0,0.01,0.0,0.01
15498,Spirits and Demons: 5 Game Pack,PC,2015.0,Misc,Focus Multimedia,0.0,0.02,0.0,0.0,0.02
7410,Disney's Planes,WiiU,2013.0,Simulation,Disney Interactive Studios,0.15,0.04,0.0,0.02,0.21
8801,Theatrhythm Dragon Quest,3DS,2015.0,Misc,Square Enix,0.0,0.0,0.15,0.0,0.15
15725,Zoids Dash,DS,2006.0,Role-Playing,Tomy Corporation,0.0,0.0,0.02,0.0,0.02
10081,Digimon World DS,DS,2006.0,Role-Playing,Namco Bandai Games,0.1,0.0,0.0,0.01,0.11
12350,Star Wars Knights of the Old Republic II: The Sith Lords,PC,2005.0,Role-Playing,LucasArts,0.01,0.04,0.0,0.01,0.06
13533,Resident Evil Director's Cut,PS3,2006.0,Action,Capcom,0.0,0.0,0.04,0.0,0.04
13492,Dead Island Definitive Collection,XOne,2016.0,Action,Deep Silver,0.02,0.02,0.0,0.0,0.04
11616,Cosmic Family,Wii,2007.0,Misc,Ubisoft,0.07,0.0,0.0,0.01,0.08
5664,Manhunt 2,PSP,2007.0,Action,Take-Two Interactive,0.04,0.18,0.0,0.1,0.32
11040,Reading Training,DS,2007.0,Misc,Benesse,0.01,0.0,0.08,0.0,0.09
16510,Romeo Vs. Juliet,PSP,2013.0,Adventure,Quinrose,0.0,0.0,0.01,0.0,0.01
13468,Cheer We Go!,DS,2010.0,Misc,Natsume,0.04,0.0,0.0,0.0,0.04
15300,Tsuyo Kiss 2 Portable,PSP,2010.0,Adventure,NetRevo,0.0,0.0,0.02,0.0,0.02
429,Enter the Matrix,PS2,2003.0,Action,Atari,1.78,1.12,0.09,0.19,3.18
10221,Chameleon Twist,N64,1997.0,Platform,Sunsoft,0.09,0.02,0.0,0.0,0.11
923,Dynasty Warriors 3,PS2,2001.0,Action,THQ,0.53,0.16,1.07,0.1,1.87
15104,Crazy Machines,Wii,2010.0,Puzzle,DTP Entertainment,0.01,0.01,0.0,0.0,0.02
13052,Sherlock Holmes: Crimes & Punishments,PC,2014.0,Adventure,Focus Home Interactive,0.0,0.05,0.0,0.0,0.05
14047,Kiniro no Corda 2 f,PSP,2009.0,Role-Playing,Tecmo Koei,0.0,0.0,0.04,0.0,0.04
10065,Family Fun Football,Wii,2009.0,Sports,Tecmo Koei,0.1,0.0,0.0,0.01,0.11
6446,Dungeons & Dragons: Eye of the Beholder,GBA,2002.0,Role-Playing,Atari,0.19,0.07,0.0,0.0,0.26
4451,Blood Omen: Legacy of Kain,PS,1996.0,Role-Playing,Crystal Dynamics,0.25,0.17,0.0,0.03,0.44
11792,Margot's Word Brain,DS,2008.0,Puzzle,Zoo Games,0.07,0.0,0.0,0.01,0.07
5702,Might & Magic Heroes VI,PC,2011.0,Role-Playing,Ubisoft,0.12,0.14,0.0,0.05,0.31
4748,Battlefield 2: Modern Combat,X360,2006.0,Shooter,Electronic Arts,0.35,0.02,0.01,0.03,0.41
12793,Coraline,Wii,2009.0,Action,D3Publisher,0.05,0.0,0.0,0.0,0.06
14,Wii Fit,Wii,2007.0,Sports,Nintendo,8.94,8.03,3.6,2.15,22.72
4672,Cyber Troopers Virtual-On,SAT,1995.0,Fighting,Sega,0.0,0.0,0.42,0.0,0.42
8289,MX World Tour Featuring Jamie Little,PS2,2005.0,Racing,Play It,0.08,0.07,0.0,0.02,0.17
5830,Gameboy Gallery,GB,1995.0,Misc,Nintendo,0.0,0.0,0.3,0.0,0.3
13282,VR Soccer '96,PS,1996.0,Sports,Gremlin Interactive Ltd,0.03,0.02,0.0,0.0,0.05
7839,GunGriffon,SAT,1995.0,Simulation,Sega,0.0,0.0,0.19,0.0,0.19
10138,Where the Wild Things Are,X360,2009.0,Platform,Warner Bros. Interactive Entertainment,0.1,0.0,0.0,0.01,0.11
11576,Sherlock Holmes: Crimes & Punishments,PS3,2014.0,Adventure,Focus Home Interactive,0.03,0.04,0.0,0.01,0.08
14888,Turbo: Super Stunt Squad,WiiU,2013.0,Sports,D3Publisher,0.0,0.02,0.0,0.0,0.03
13623,Tennis Masters Series 2003,XB,2002.0,Sports,Microids,0.03,0.01,0.0,0.0,0.04
3015,Street Sk8er,PS,1998.0,Sports,Electronic Arts,0.37,0.25,0.0,0.04,0.67
5094,Digging for Dinosaurs,DS,2010.0,Action,Scholastic Inc.,0.35,0.0,0.0,0.02,0.37
375,Kung Fu,NES,1985.0,Action,Nintendo,1.64,0.38,1.42,0.06,3.5
8563,World Series of Poker: Tournament of Champions 2007 Edition,X360,2006.0,Misc,Activision,0.15,0.0,0.0,0.01,0.16
6769,Classic NES Series: Xevious,GBA,2004.0,Shooter,Nintendo,0.08,0.03,0.12,0.01,0.25
11707,Mind Quiz: Your Brain Coach,DS,2006.0,Misc,Ubisoft,0.0,0.0,0.08,0.0,0.08
15474,Virtua Pro Football,PS2,2006.0,Sports,Sega,0.0,0.0,0.02,0.0,0.02
14180,Nobunaga's Ambition: Sphere of Influence - Sengoku Risshiden,PS3,2016.0,Misc,Tecmo Koei,0.0,0.0,0.03,0.0,0.03
7460,Greg Hastings Paintball 2,X360,2010.0,Shooter,Majesco Entertainment,0.19,0.0,0.0,0.01,0.21
6692,Gex 64: Enter the Gecko,N64,1998.0,Action,GT Interactive,0.2,0.05,0.0,0.0,0.25
2293,DJ Hero,PS3,2009.0,Misc,Activision,0.42,0.34,0.0,0.14,0.91
3194,FIFA Soccer 2003,XB,2002.0,Sports,Electronic Arts,0.2,0.4,0.0,0.04,0.63
6443,Lowrider,PS2,2002.0,Misc,Pacific Century Cyber Works,0.11,0.09,0.03,0.03,0.26
2990,Fossil Fighters: Champions,DS,2010.0,Role-Playing,Nintendo,0.32,0.0,0.34,0.02,0.68
10631,L'Aigle de Guerre,GBA,2001.0,Strategy,Nintendo,0.0,0.0,0.1,0.0,0.1
1256,Final Fantasy XIV: A Realm Reborn,PC,2010.0,Role-Playing,Square Enix,0.86,0.48,0.0,0.17,1.5
1163,Soul Edge,PS,1996.0,Fighting,Sony Computer Entertainment,0.61,0.41,0.46,0.1,1.59
7395,Darkwatch,XB,2005.0,Shooter,Ubisoft,0.16,0.05,0.0,0.01,0.21
11904,SpongeBob's Truth or Square,PSP,2009.0,Action,THQ,0.02,0.04,0.0,0.01,0.07
5298,One Piece: Gigant Battle 2 Shin Sekai,DS,2011.0,Fighting,Namco Bandai Games,0.0,0.0,0.35,0.0,0.35
11940,Tornado,DS,,Action,Ignition Entertainment,0.07,0.0,0.0,0.0,0.07
12769,Angelique Trois,PS2,2000.0,Adventure,Tecmo Koei,0.0,0.0,0.06,0.0,0.06
10713,Project FIFA World Cup,PS2,2002.0,Sports,Electronic Arts,0.0,0.0,0.1,0.0,0.1
2100,Guitar Hero: Aerosmith,PS3,2008.0,Misc,Activision,0.73,0.15,0.0,0.11,0.99
6569,Legendary,X360,2008.0,Shooter,Atari,0.08,0.15,0.0,0.03,0.26
11820,Kengo: Legend of The 9,X360,2006.0,Fighting,Majesco Entertainment,0.06,0.01,0.0,0.01,0.07
8708,Fist of the North Star: Ken's Rage,X360,2010.0,Action,Ubisoft Annecy,0.07,0.02,0.06,0.01,0.16
13746,Deadly Arts,N64,1998.0,Fighting,Konami Digital Entertainment,0.03,0.01,0.0,0.0,0.04
1649,WCW Mayhem,PS,1998.0,Fighting,Electronic Arts,0.68,0.46,0.0,0.08,1.22
15992,DokuSui: DokiDoki Suikoden,PSP,2011.0,Role-Playing,Irem Software Engineering,0.0,0.0,0.01,0.0,0.01
11267,Lara Croft and the Temple of Osiris,PS4,2014.0,Action,Square Enix,0.0,0.07,0.0,0.01,0.08
2019,Epic Mickey 2: The Power of Two,Wii,2012.0,Action,Disney Interactive Studios,0.72,0.23,0.0,0.08,1.03
13768,Antz Extreme Racing,PS2,2002.0,Racing,Empire Interactive,0.02,0.02,0.0,0.01,0.04
7919,Taiko no Tatsujin: Wii U Version!,WiiU,2013.0,Misc,Namco Bandai Games,0.0,0.0,0.19,0.0,0.19
7064,Family Fest presents: Movie Games,Wii,2008.0,Action,Ubisoft,0.2,0.01,0.0,0.02,0.23
7266,Full Auto,X360,2006.0,Shooter,Sega,0.19,0.01,0.0,0.02,0.22
13350,Ys: The Ark of Napishtim,PSP,2006.0,Role-Playing,Konami Digital Entertainment,0.04,0.0,0.0,0.0,0.05
7761,The Spiderwick Chronicles,Wii,2008.0,Action,Vivendi Games,0.17,0.01,0.0,0.01,0.19
8818,Serious Sam,XB,2002.0,Shooter,Take-Two Interactive,0.11,0.03,0.0,0.01,0.15
6123,Monopoly Streets,X360,2010.0,Misc,Electronic Arts,0.16,0.1,0.0,0.03,0.28
12562,Genkai Tokki: Moero Crystal,PSV,2015.0,Role-Playing,Compile Heart,0.0,0.0,0.06,0.0,0.06
11067,Super Robot Wars OG: The Moon Dwellers,PS4,2016.0,Misc,Namco Bandai Games,0.0,0.0,0.09,0.0,0.09
8179,UFC: Sudden Impact,PS2,2004.0,Fighting,Global Star,0.09,0.07,0.0,0.02,0.18
960,DDRMAX2: Dance Dance Revolution,PS2,2003.0,Simulation,Konami Digital Entertainment,1.05,0.59,0.0,0.18,1.81
13163,Tokimeki Memorial Girl's Side 2nd Kiss,PS2,2006.0,Adventure,Konami Digital Entertainment,0.0,0.0,0.05,0.0,0.05
9849,Space Chimps,PS2,2008.0,Platform,Brash Entertainment,0.06,0.05,0.0,0.02,0.12
1540,Champions of Norrath,PS2,2004.0,Role-Playing,Sony Online Entertainment,0.63,0.49,0.0,0.16,1.28
4117,Harvest Moon 64,N64,1999.0,Simulation,Pack In Soft,0.25,0.06,0.11,0.06,0.48
15411,Dragon Ball Z: Buu's Fury / Dragon Ball GT: Transformation,GBA,2006.0,Action,Atari,0.01,0.01,0.0,0.0,0.02
11402,Pinobee: Wings of Adventure,GBA,2001.0,Platform,Hudson Entertainment,0.06,0.02,0.0,0.0,0.08
4080,Harry Potter and the Order of the Phoenix,Wii,2007.0,Action,Electronic Arts,0.38,0.06,0.0,0.04,0.49
16144,Furious Karting,XB,2003.0,Racing,Atari,0.01,0.0,0.0,0.0,0.01
6535,Tony Hawk: Shred,X360,2010.0,Sports,Activision,0.17,0.07,0.0,0.02,0.26
7242,Ben 10 Alien Force: Vilgax Attacks,X360,2009.0,Action,D3Publisher,0.11,0.09,0.0,0.02,0.22
11363,Ride,PS3,2015.0,Racing,Milestone S.r.l.,0.0,0.06,0.01,0.01,0.08
16183,Rozen Maiden: Gebetgarten,PS2,2007.0,Fighting,Taito,0.0,0.0,0.01,0.0,0.01
11661,"Ni Hao, Kai-lan: Super Game Day",PS2,2009.0,Misc,Take-Two Interactive,0.04,0.03,0.0,0.01,0.08
13451,Bad Boys: Miami Takedown,GC,2004.0,Shooter,Empire Interactive,0.03,0.01,0.0,0.0,0.05
1643,Cars,PSP,2006.0,Racing,THQ,0.72,0.29,0.0,0.21,1.22
5870,Decathlete,SAT,1994.0,Sports,Sega,0.0,0.0,0.3,0.0,0.3
12099,Pro Yaky? Spirits 2014,PSV,2014.0,Sports,Konami Digital Entertainment,0.0,0.0,0.07,0.0,0.07
4810,The Chronicles of Narnia: Prince Caspian,PS2,2008.0,Action,Disney Interactive Studios,0.2,0.15,0.0,0.05,0.4
10240,Gabrielle's Ghostly Groove 3D,3DS,2011.0,Adventure,Funbox Media,0.08,0.02,0.0,0.01,0.11
10981,Samurai Shodown Anthology,PSP,,Fighting,Ignition Entertainment,0.08,0.0,0.0,0.01,0.09
55,Gran Turismo 5,PS3,2010.0,Racing,Sony Computer Entertainment,2.96,4.88,0.81,2.12,10.77
3056,The LEGO Movie Videogame,WiiU,2014.0,Action,Warner Bros. Interactive Entertainment,0.35,0.23,0.03,0.06,0.66
14363,RoadKill,GC,2003.0,Action,Midway Games,0.02,0.01,0.0,0.0,0.03
3803,Bulletstorm,PS3,2011.0,Shooter,Electronic Arts,0.23,0.2,0.01,0.08,0.53
2123,Tom Clancy's Splinter Cell: Blacklist,PS3,2013.0,Action,Ubisoft,0.34,0.41,0.06,0.18,0.98
9010,Adventure Time: Explore the Dungeon Because I Don't Know!,3DS,2013.0,Action,D3Publisher,0.1,0.03,0.0,0.01,0.14
4582,Guitar Hero: Smash Hits,X360,2009.0,Misc,Activision,0.23,0.15,0.0,0.04,0.42
3255,Tak 2: The Staff of Dreams,PS2,2004.0,Platform,THQ,0.3,0.24,0.0,0.08,0.62
4440,Independence Day,PS,1997.0,Shooter,Fox Interactive,0.25,0.17,0.0,0.03,0.44
5977,Outlaw Golf,XB,2002.0,Sports,TDK Mediactive,0.22,0.06,0.0,0.01,0.29
1261,WWF No Mercy,N64,2000.0,Fighting,THQ,1.2,0.27,0.02,0.02,1.5
3588,NASCAR Rumble,PS,2000.0,Racing,Electronic Arts,0.31,0.21,0.0,0.04,0.56
4312,Dynasty Warriors: Strikeforce,PSP,2009.0,Action,Ubisoft Annecy,0.03,0.03,0.38,0.02,0.45
13254,Dynasty Warriors Vol. 2,PSP,2006.0,Action,Tecmo Koei,0.04,0.0,0.0,0.0,0.05
11908,Tom Clancy's Splinter Cell: Chaos Theory,DS,2005.0,Action,Ubisoft,0.06,0.0,0.0,0.01,0.07
4879,Rumble Roses,PS2,2004.0,Fighting,Konami Digital Entertainment,0.19,0.15,0.0,0.05,0.39
1200,Active Life: Outdoor Challenge,Wii,2008.0,Sports,Atari,0.79,0.44,0.19,0.14,1.55
1722,Army of Two,PS3,2008.0,Shooter,Electronic Arts,0.74,0.26,0.02,0.15,1.17
12320,Octomania,Wii,2007.0,Puzzle,Midas Interactive Entertainment,0.06,0.0,0.0,0.0,0.06
16070,IL-2 Sturmovik,PC,2001.0,Simulation,Blue Byte,0.0,0.01,0.0,0.0,0.01
1946,Call of Duty 4: Modern Warfare,DS,2007.0,Shooter,Activision,0.96,0.02,0.01,0.08,1.06
406,Mario Party 9,Wii,2012.0,Misc,Nintendo,1.15,1.17,0.76,0.24,3.32
3915,Lost: Via Domus,PS3,2008.0,Action,Ubisoft,0.19,0.23,0.0,0.09,0.51
6340,Spider-Man: Web of Shadows,PS3,2008.0,Action,Activision,0.2,0.04,0.0,0.03,0.27
14218,Young Justice: Legacy,Wii,2013.0,Action,Namco Bandai Games,0.0,0.03,0.0,0.0,0.03
13934,Suzumiya Haruhi no Tsuisou,PSP,2011.0,Adventure,Namco Bandai Games,0.0,0.0,0.04,0.0,0.04
15564,Lovely x Cation 1 & 2,PSV,2015.0,Action,5pb,0.0,0.0,0.02,0.0,0.02
15854,Monster Trux Offroad,Wii,2007.0,Racing,Popcorn Arcade,0.01,0.0,0.0,0.0,0.02
621,Resistance 2,PS3,2008.0,Shooter,Sony Computer Entertainment,1.15,0.85,0.1,0.39,2.48
12321,F1 2001,XB,2001.0,Racing,Electronic Arts,0.05,0.01,0.0,0.0,0.06
8203,NFL 2K2,XB,2002.0,Sports,Sega,0.13,0.04,0.0,0.01,0.18
14439,Gloria Union,PSP,2011.0,Role-Playing,Atlus,0.0,0.0,0.03,0.0,0.03
16078,Infinite Stratos 2: Love and Purge,PSV,2015.0,Action,5pb,0.0,0.0,0.01,0.0,0.01
4661,Harry Potter and the Deathly Hallows - Part 1,PS3,2010.0,Action,Electronic Arts,0.13,0.21,0.0,0.08,0.42
14949,Jikkyou Powerful Pro Yakyuu 12 Ketteiban,GC,2005.0,Sports,Konami Digital Entertainment,0.0,0.0,0.02,0.0,0.02
6114,Disney's Extreme Skate Adventure,GBA,2003.0,Sports,Activision,0.2,0.08,0.0,0.01,0.28
9481,Sin and Punishment,N64,2000.0,Shooter,Nintendo,0.0,0.0,0.13,0.0,0.13
15079,Ride,X360,2015.0,Racing,Milestone S.r.l.,0.0,0.02,0.0,0.0,0.02
12286,My Pet Chimp,DS,2010.0,Simulation,505 Games,0.06,0.0,0.0,0.0,0.06
10521,God Eater 2: Rage Burst,PS4,2015.0,Role-Playing,Namco Bandai Games,0.0,0.01,0.09,0.0,0.1
4981,Triple Play 97,PS,1996.0,Sports,Electronic Arts Victor,0.21,0.15,0.0,0.03,0.38
1157,Dragon Quest V: Hand of the Heavenly Bride,DS,2008.0,Role-Playing,Square Enix,0.19,0.02,1.36,0.02,1.6
10192,Tales of Phantasia (PS1 & PSP Versions),PSP,2006.0,Role-Playing,Namco Bandai Games,0.0,0.0,0.11,0.0,0.11
