Unnamed: 0,age,minecraftid,client,version
574.0,1.0,Rhino12134,Mobile ( bedrock version ),Cracked
532.0,1.0,RAHEEL DHOTE,Mobile ( bedrock version ),Paid Version
512.0,1.0,RAHEEL DHOTE,Computer ( Java Edition ),Paid Version
736.0,1.0,! ♛Skull々XMEN♛#0358 ,Computer ( Java Edition ),Cracked
1353.0,1.0,Pratham1120,Mobile ( bedrock version ),Cracked
282.0,1.0,Franky_gamer,Computer ( Java Edition ),Cracked
294.0,1.0,Smit_gurav,Computer ( Java Edition ),Cracked
88.0,1.0,NishilG,Computer ( Java Edition ),Cracked
1214.0,1.0,CursedGalexy,Computer ( Java Edition ),Cracked
1361.0,1.0,CYBORGBHAI,Computer ( Java Edition ),Cracked
866.0,1.0,Savagesam9482,Computer ( Java Edition ),Cracked
337.0,1.0,DarkxNafiz,Computer ( Java Edition ),Cracked
181.0,1.0,ABPLAYZ25,Computer ( Java Edition ),Paid Version
605.0,1.0,Scardiewithouty,Mobile ( bedrock version ),Paid Version
1035.0,1.0,Ritesh_gamer,Computer ( Java Edition ),Cracked
1063.0,1.0,Monk84,Computer ( Java Edition ),Paid Version
99.0,2.0,KSHITIJWORLD,Computer ( Java Edition ),Cracked
97.0,2.0,Sabynation,Computer ( Java Edition ),Cracked
1328.0,2.0,Swayam,Computer ( Java Edition ),Cracked
204.0,2.0,PeteroidGaming,Computer ( Java Edition ),Cracked
723.0,2.0,ACTION_KAMEN,Computer ( Java Edition ),Cracked
581.0,2.0,Zacian6187,Mobile ( bedrock version ),Cracked
782.0,2.0,Bumbo_Baggins,Computer ( Java Edition ),Cracked
923.0,2.0,Ab,Mobile ( bedrock version ),Cracked
198.0,2.0,Y,Mobile ( bedrock version ),Cracked
31.0,2.0,MonsterBeerusYT,Computer ( Java Edition ),Cracked
1307.0,6.0,HarryPlayZ246,Computer ( Java Edition ),Cracked
250.0,8.0,Sinova07,Computer ( Java Edition ),Cracked
1153.0,9.0,Destroyerdeb,Computer ( Java Edition ),Cracked
715.0,11.0,Sergio_RS,Computer ( Java Edition ),Cracked
1327.0,12.0,Phantom4551,Mobile ( bedrock version ),Paid Version
305.0,12.0,Tarun501,Computer ( Java Edition ),Cracked
247.0,12.0,progamingyt92,Computer ( Java Edition ),Cracked
224.0,12.0,progamingyt92,Computer ( Java Edition ),Cracked
235.0,12.0,progamingyt92,Computer ( Java Edition ),Cracked
248.0,12.0,progamingyt92,Computer ( Java Edition ),Cracked
1004.0,12.0,GOKURAGEAAA,Computer ( Java Edition ),Cracked
27.0,12.0,Riyad8646,Mobile ( bedrock version ),Cracked
980.0,12.0,Keshav_Pro,Computer ( Java Edition ),Cracked
881.0,12.0,ISHANPRO55,Computer ( Java Edition ),Paid Version
1125.0,12.0,iandres,Computer ( Java Edition ),Cracked
1311.0,12.0,abhayplayzz,Computer ( Java Edition ),Cracked
473.0,12.0,Rehan_,Computer ( Java Edition ),Cracked
1091.0,12.0,BaasilIsPro,Computer ( Java Edition ),Cracked
1266.0,12.0,Nikheel Mandal ,Computer ( Java Edition ),Cracked
1255.0,12.0,Sergio_RS,Computer ( Java Edition ),Cracked
586.0,12.0,numnumnum12345,Computer ( Java Edition ),Cracked
317.0,12.0,numnumnum12345,Computer ( Java Edition ),Cracked
774.0,13.0,Jaggy420,Computer ( Java Edition ),Cracked
440.0,13.0,Devanshk19,Computer ( Java Edition ),Cracked
765.0,13.0,NIL_TALUKDAR,Computer ( Java Edition ),Cracked
476.0,13.0,ItsVenom1912,Computer ( Java Edition ),Cracked
470.0,13.0,ItsVenom1912,Computer ( Java Edition ),Cracked
1320.0,13.0,TheRealOpGamerZA,Computer ( Java Edition ),Cracked
1104.0,13.0,RAK5052a,Computer ( Java Edition ),Cracked
454.0,13.0,FlipperCorgi64 ,Mobile ( bedrock version ),Cracked
655.0,13.0,fusion_dabyt,Computer ( Java Edition ),Cracked
546.0,13.0,Opshreyansh20 ,Mobile ( bedrock version ),Cracked
77.0,13.0,Steve,Mobile ( bedrock version ),Cracked
1253.0,13.0,Anand6208,Computer ( Java Edition ),Cracked
1282.0,13.0,gamerz_di_hatti,Computer ( Java Edition ),Cracked
1267.0,13.0,adiiiiiiiiiiiiii,Computer ( Java Edition ),Cracked
520.0,13.0,The_funny_gamer,Computer ( Java Edition ),Paid Version
1310.0,13.0,GamerAarav,Computer ( Java Edition ),Cracked
285.0,13.0,Samarth9907,Computer ( Java Edition ),Cracked
325.0,13.0,ItsVenom1912,Computer ( Java Edition ),Cracked
334.0,13.0,Rattytat,Computer ( Java Edition ),Cracked
314.0,13.0,bunnykiller777,Computer ( Java Edition ),Cracked
1215.0,13.0,Dash,Computer ( Java Edition ),Cracked
400.0,13.0,SSS_gaming,Computer ( Java Edition ),Cracked
414.0,13.0,GAMINGELITEOP,Computer ( Java Edition ),Cracked
1360.0,13.0,Aadarsh2579,Computer ( Java Edition ),Cracked
1336.0,13.0,UndefeatedYT,Computer ( Java Edition ),Cracked
1332.0,13.0,AdhvikWarrior,Computer ( Java Edition ),Cracked
804.0,13.0,gameonnyt,Computer ( Java Edition ),Cracked
393.0,13.0,SSS_gaming,Computer ( Java Edition ),Cracked
1322.0,13.0,Lovepreet112,Computer ( Java Edition ),Cracked
357.0,13.0,Smit_Gurav,Computer ( Java Edition ),Cracked
831.0,13.0,Sub2JavaGaming,Computer ( Java Edition ),Paid Version
50.0,13.0,ItsVenom1912,Computer ( Java Edition ),Cracked
1019.0,13.0,Aryanpop,Computer ( Java Edition ),Cracked
236.0,13.0,devansh001fg,Computer ( Java Edition ),Cracked
219.0,13.0,Emerald71192,Mobile ( bedrock version ),Cracked
975.0,13.0,Icy_Slime,Computer ( Java Edition ),Cracked
962.0,13.0,soulz_gamingz ,Computer ( Java Edition ),Cracked
141.0,13.0,MRDVV2009,Computer ( Java Edition ),Cracked
1020.0,13.0,The_funny_gamer,Computer ( Java Edition ),Paid Version
151.0,13.0,CasePl,Mobile ( bedrock version ),Cracked
1022.0,13.0,The_funny_gamer,Computer ( Java Edition ),Paid Version
44.0,13.0,The_funny_gamer,Computer ( Java Edition ),Paid Version
25.0,13.0,adiiiiiiiiiiiiii,Computer ( Java Edition ),Cracked
26.0,14.0,Tanushwarrior,Computer ( Java Edition ),Cracked
22.0,14.0,THarshuYT,Computer ( Java Edition ),Cracked
0.0,14.0,ProGamer300 ,Computer ( Java Edition ),Cracked
1406.0,14.0,Pargandada,Computer ( Java Edition ),Cracked
40.0,14.0,Qatil_Gujar,Computer ( Java Edition ),Cracked
1422.0,14.0,Prachetan2008,Computer ( Java Edition ),Cracked
1417.0,14.0,HsKsPro,Computer ( Java Edition ),Cracked
177.0,14.0,Dhairyajain998798,Mobile ( bedrock version ),Cracked
175.0,14.0,MCPEMOBFANN,Computer ( Java Edition ),Cracked
174.0,14.0,boiiisth,Computer ( Java Edition ),Cracked
167.0,14.0,Jaskirat_gamer,Computer ( Java Edition ),Cracked
1273.0,14.0,enderf1ame,Computer ( Java Edition ),Cracked
593.0,14.0,Epicstorm17,Computer ( Java Edition ),Cracked
573.0,14.0,SammyIsPog,Computer ( Java Edition ),Paid Version
635.0,14.0,MrBhopu,Computer ( Java Edition ),Cracked
526.0,14.0,rishit_18,Computer ( Java Edition ),Cracked
557.0,14.0,fleetop,Computer ( Java Edition ),Cracked
1276.0,14.0,Durvish2008,Computer ( Java Edition ),Cracked
671.0,14.0,shouryax,Computer ( Java Edition ),Cracked
524.0,14.0,ClarkOp,Computer ( Java Edition ),Cracked
1270.0,14.0,Funprince4230,Mobile ( bedrock version ),Paid Version
1269.0,14.0,Indian_Pros_OP,Computer ( Java Edition ),Cracked
643.0,14.0,Vihaan_Khatri,Computer ( Java Edition ),Paid Version
161.0,14.0,Tanushwarrior,Computer ( Java Edition ),Cracked
158.0,14.0,Banku,Computer ( Java Edition ),Cracked
157.0,14.0,TpdClown_,Computer ( Java Edition ),Paid Version
155.0,14.0,Raghavarya,Computer ( Java Edition ),Cracked
154.0,14.0,Naitik_Shetty,Computer ( Java Edition ),Cracked
1052.0,14.0,SunnyXD123,Computer ( Java Edition ),Cracked
1046.0,14.0,DarkBurnerX,Computer ( Java Edition ),Cracked
1040.0,14.0,RageBoyPlayz,Computer ( Java Edition ),Paid Version
1038.0,14.0,Nihal13 Pro,Computer ( Java Edition ),Cracked
706.0,14.0,Chakshu88,Computer ( Java Edition ),Cracked
502.0,14.0,Raghavarya,Computer ( Java Edition ),Cracked
1285.0,14.0,vedantsarkar,Computer ( Java Edition ),Cracked
726.0,14.0,Komozoyo,Computer ( Java Edition ),Cracked
523.0,14.0,T30things,Computer ( Java Edition ),Cracked
1027.0,14.0,Agentk1334,Computer ( Java Edition ),Cracked
149.0,14.0,Dream5945,Mobile ( bedrock version ),Cracked
1175.0,14.0,DragonXXX1,Computer ( Java Edition ),Cracked
200.0,14.0,ArticShark95,Mobile ( bedrock version ),Cracked
193.0,14.0,triju,Computer ( Java Edition ),Cracked
191.0,14.0,TpdClown_,Computer ( Java Edition ),Paid Version
460.0,14.0,Mai toh pro hun,Mobile ( bedrock version ),Cracked
458.0,14.0,7821922394,Mobile ( bedrock version ),Cracked
452.0,14.0,XCR KING,Mobile ( bedrock version ),Cracked
1101.0,14.0,Shourya2378,Mobile ( bedrock version ),Cracked
1096.0,14.0,SAI_isOp,Computer ( Java Edition ),Paid Version
1093.0,14.0,AMBER ACT,Mobile ( bedrock version ),Cracked
1090.0,14.0,Pewdi,Computer ( Java Edition ),Cracked
1087.0,14.0,D1str0,Computer ( Java Edition ),Cracked
1126.0,14.0,rohit_playz_BW,Computer ( Java Edition ),Cracked
1232.0,14.0,Lavi_Gamer_007,Computer ( Java Edition ),Cracked
1228.0,14.0,legendbhai,Computer ( Java Edition ),Cracked
753.0,14.0,vi1290isback,Computer ( Java Edition ),Paid Version
437.0,14.0,Bunny759,Computer ( Java Edition ),Cracked
432.0,14.0,yathu_,Computer ( Java Edition ),Paid Version
431.0,14.0,Agamya27,Computer ( Java Edition ),Cracked
423.0,14.0,Agamya27,Computer ( Java Edition ),Cracked
482.0,14.0,Aligaming432,Computer ( Java Edition ),Paid Version
466.0,14.0,SOLIDEST,Computer ( Java Edition ),Cracked
244.0,14.0,KRazZyGamer12,Computer ( Java Edition ),Cracked
229.0,14.0,ThorNautamYT,Computer ( Java Edition ),Cracked
262.0,14.0,Aaaryansh,Computer ( Java Edition ),Cracked
253.0,14.0,dark_nova_,Computer ( Java Edition ),Cracked
969.0,14.0,Komozoyo,Computer ( Java Edition ),Cracked
968.0,14.0,Abhi_13,Computer ( Java Edition ),Cracked
82.0,14.0,Dhurv3294,Mobile ( bedrock version ),Cracked
81.0,14.0,N8Pike,Computer ( Java Edition ),Paid Version
1247.0,14.0,__Sujal214__ ,Computer ( Java Edition ),Cracked
1246.0,14.0,Lazoplayz,Computer ( Java Edition ),Cracked
1241.0,14.0,denis2882gamer,Computer ( Java Edition ),Cracked
1236.0,14.0,no dont have,Mobile ( bedrock version ),Paid Version
1235.0,14.0,Lavi_Gamer_007,Computer ( Java Edition ),Cracked
409.0,14.0,Agamya27,Computer ( Java Edition ),Cracked
408.0,14.0,KRazZyGamer12,Computer ( Java Edition ),Cracked
996.0,14.0,Cybertastic Gam,Mobile ( bedrock version ),Cracked
147.0,14.0,Leo1808,Computer ( Java Edition ),Cracked
134.0,14.0,PRAT,Computer ( Java Edition ),Cracked
132.0,14.0,Ayushman6661,Mobile ( bedrock version ),Cracked
130.0,14.0,aineshgaming,Computer ( Java Edition ),Paid Version
1075.0,14.0,CardPython41949,Mobile ( bedrock version ),Paid Version
1065.0,14.0,PHOENIXGEM,Computer ( Java Edition ),Cracked
114.0,14.0,NishilG,Computer ( Java Edition ),Cracked
1329.0,14.0,Gaming Beast,Computer ( Java Edition ),Cracked
1323.0,14.0,perfect360,Computer ( Java Edition ),Cracked
405.0,14.0,Franky_gamer,Computer ( Java Edition ),Cracked
403.0,14.0,Raghavarya,Computer ( Java Edition ),Cracked
798.0,14.0,TriggeredInsaan,Computer ( Java Edition ),Paid Version
281.0,14.0,Agamya27,Computer ( Java Edition ),Cracked
277.0,14.0,RTofficial80,Computer ( Java Edition ),Paid Version
276.0,14.0,aineshgaming,Computer ( Java Edition ),Paid Version
947.0,14.0,REB3L_ISop,Computer ( Java Edition ),Paid Version
938.0,14.0,DevilGamerX7,Computer ( Java Edition ),Cracked
927.0,14.0,Agamya27,Computer ( Java Edition ),Cracked
1160.0,14.0,rishit_18,Computer ( Java Edition ),Cracked
385.0,14.0,TASINTHEKING1,Computer ( Java Edition ),Cracked
380.0,14.0,gp080056,Computer ( Java Edition ),Cracked
370.0,14.0,Agamya27,Computer ( Java Edition ),Cracked
859.0,14.0,Sachin401,Computer ( Java Edition ),Cracked
837.0,14.0,tarush 29,Computer ( Java Edition ),Cracked
366.0,14.0,DLVLOGS,Computer ( Java Edition ),Cracked
1330.0,14.0,RudyA1,Computer ( Java Edition ),Cracked
1341.0,14.0,aaronaayan,Computer ( Java Edition ),Cracked
916.0,14.0,Insane_Manav,Computer ( Java Edition ),Paid Version
906.0,14.0,devilgamer_37,Computer ( Java Edition ),Cracked
901.0,14.0,Itsblue776,Computer ( Java Edition ),Cracked
898.0,14.0,whiplash37377,Computer ( Java Edition ),Cracked
1192.0,14.0,dragonxy32312,Computer ( Java Edition ),Paid Version
1339.0,14.0,PSP GAMER 3,Mobile ( bedrock version ),Cracked
309.0,14.0,Warriorex,Computer ( Java Edition ),Cracked
1372.0,14.0,ProGamer300 ,Computer ( Java Edition ),Cracked
1363.0,14.0,NishilKane321,Computer ( Java Edition ),Cracked
1362.0,14.0,mint_chance,Computer ( Java Edition ),Cracked
1083.0,14.0,FireFlyT,Computer ( Java Edition ),Cracked
1168.0,14.0,BeastGamer187,Computer ( Java Edition ),Cracked
886.0,14.0,Vinayak109,Computer ( Java Edition ),Cracked
877.0,14.0,Devanshk,Computer ( Java Edition ),Cracked
875.0,14.0,Rihanrockzz,Computer ( Java Edition ),Cracked
349.0,14.0,Franky_gamer,Computer ( Java Edition ),Cracked
873.0,14.0,RUDRA788,Computer ( Java Edition ),Cracked
870.0,14.0,TarunPlayZOP,Mobile ( bedrock version ),Paid Version
862.0,14.0,aaarizplays,Computer ( Java Edition ),Cracked
861.0,14.0,Sairaj133,Computer ( Java Edition ),Paid Version
307.0,14.0,vigneshLMAO,Computer ( Java Edition ),Cracked
289.0,14.0,DARSHRARIN1 ,Mobile ( bedrock version ),Cracked
1346.0,14.0,ACbros,Computer ( Java Edition ),Cracked
332.0,14.0,Yashu,Computer ( Java Edition ),Cracked
318.0,14.0,Agamya27,Computer ( Java Edition ),Cracked
893.0,14.0,Unflippable,Mobile ( bedrock version ),Cracked
890.0,14.0,RedolentHalo,Computer ( Java Edition ),Cracked
48.0,14.0,Vedansh275,Computer ( Java Edition ),Cracked
1395.0,14.0,SAIvansh,Computer ( Java Edition ),Cracked
1391.0,14.0,mr_sicko_gamer,Computer ( Java Edition ),Paid Version
71.0,14.0,PPRGAMING28,Computer ( Java Edition ),Cracked
56.0,14.0,Amogh02,Computer ( Java Edition ),Cracked
1137.0,14.0,bbsmtia,Computer ( Java Edition ),Cracked
51.0,15.0,TenBlazer123417,Mobile ( bedrock version ),Cracked
1139.0,15.0,LazyInfnatryYT,Computer ( Java Edition ),Cracked
1144.0,15.0,krammy,Computer ( Java Edition ),Cracked
1145.0,15.0,AaryanThePro47,Computer ( Java Edition ),Cracked
1419.0,15.0,kamal1112,Computer ( Java Edition ),Cracked
18.0,15.0,Amphion,Computer ( Java Edition ),Cracked
55.0,15.0,mraugster,Computer ( Java Edition ),Cracked
62.0,15.0,SHAURYACHANDAK,Computer ( Java Edition ),Cracked
66.0,15.0,BEASTYGAMERZ,Mobile ( bedrock version ),Cracked
67.0,15.0,MUFADDAL345,Computer ( Java Edition ),Cracked
1106.0,15.0,Rajdeep7777,Computer ( Java Edition ),Cracked
617.0,15.0,TheGamerK,Computer ( Java Edition ),Cracked
618.0,15.0,Legendary banda ,Mobile ( bedrock version ),Cracked
1421.0,15.0,GOD_RANVEER,Computer ( Java Edition ),Cracked
1385.0,15.0,bhaveshgaming,Computer ( Java Edition ),Cracked
1387.0,15.0,priyank321654,Computer ( Java Edition ),Cracked
1390.0,15.0,PrimePranay,Computer ( Java Edition ),Cracked
1392.0,15.0,D0nZee,Computer ( Java Edition ),Cracked
46.0,15.0,Amphion,Computer ( Java Edition ),Cracked
598.0,15.0,MrOneBlock,Mobile ( bedrock version ),Paid Version
600.0,15.0,Livid Slayer,Computer ( Java Edition ),Cracked
602.0,15.0,SummaryGaming,Mobile ( bedrock version ),Cracked
613.0,15.0,RGaming_Army,Computer ( Java Edition ),Cracked
30.0,15.0,tanmay gamer837,Mobile ( bedrock version ),Paid Version
33.0,15.0,ROCKDEEP,Computer ( Java Edition ),Paid Version
28.0,15.0,GamerDuckie,Computer ( Java Edition ),Paid Version
895.0,15.0,dhruvkatyayan,Computer ( Java Edition ),Cracked
322.0,15.0,Ggamer14,Computer ( Java Edition ),Cracked
1347.0,15.0,_sirbilliam,Computer ( Java Edition ),Paid Version
1354.0,15.0,PP2333,Computer ( Java Edition ),Paid Version
1357.0,15.0,mr_invincible123,Computer ( Java Edition ),Cracked
287.0,15.0,GamerKrushna,Mobile ( bedrock version ),Paid Version
301.0,15.0,Nalin2507,Computer ( Java Edition ),Cracked
303.0,15.0,ShadowPriyanshi,Mobile ( bedrock version ),Cracked
306.0,15.0,12_bamboo,Computer ( Java Edition ),Cracked
864.0,15.0,Sonal1223,Computer ( Java Edition ),Cracked
865.0,15.0,gyaanlogy,Computer ( Java Edition ),Cracked
347.0,15.0,Mandar_XD,Computer ( Java Edition ),Cracked
352.0,15.0,AJ_Gamer,Computer ( Java Edition ),Paid Version
354.0,15.0,detective_swagger,Computer ( Java Edition ),Cracked
883.0,15.0,COSMIC,Computer ( Java Edition ),Cracked
884.0,15.0,drdistroyer,Computer ( Java Edition ),Cracked
887.0,15.0,_Aceify,Computer ( Java Edition ),Cracked
1161.0,15.0,vsp19,Computer ( Java Edition ),Cracked
1162.0,15.0,Op,Mobile ( bedrock version ),Cracked
1169.0,15.0,AyanDutta2008,Computer ( Java Edition ),Cracked
1170.0,15.0,AssaultTrigger0,Computer ( Java Edition ),Cracked
1077.0,15.0,AARGHIfy,Computer ( Java Edition ),Cracked
1079.0,15.0,Yashas_Gupta,Computer ( Java Edition ),Cracked
1373.0,15.0,Vm_10,Computer ( Java Edition ),Cracked
128.0,15.0,roboboy1724,Mobile ( bedrock version ),Paid Version
333.0,15.0,Pewdi,Computer ( Java Edition ),Cracked
344.0,15.0,Deep Gamer 9308,Mobile ( bedrock version ),Cracked
1222.0,15.0,Devtiwari21,Computer ( Java Edition ),Cracked
308.0,15.0,SpiritRoman1234,Mobile ( bedrock version ),Cracked
312.0,15.0,ShadowPriyanshi,Mobile ( bedrock version ),Cracked
1194.0,15.0,Vacant_VOlt,Computer ( Java Edition ),Cracked
919.0,15.0,ItzAyush72,Computer ( Java Edition ),Cracked
920.0,15.0,acrob,Computer ( Java Edition ),Cracked
1188.0,15.0,KillErOp14,Computer ( Java Edition ),Cracked
1189.0,15.0,SAKSHAM20,Computer ( Java Edition ),Cracked
1343.0,15.0,Hriday_Gamer,Computer ( Java Edition ),Cracked
356.0,15.0,Mr_famstine,Computer ( Java Edition ),Cracked
358.0,15.0,TAJJUBHAI,Computer ( Java Edition ),Cracked
362.0,15.0,Mayankop13,Computer ( Java Edition ),Cracked
848.0,15.0,EarTh_SToRM,Computer ( Java Edition ),Cracked
850.0,15.0,OPxUNKNOWN,Computer ( Java Edition ),Cracked
854.0,15.0,HSTGamer,Computer ( Java Edition ),Cracked
367.0,15.0,CHALLENGER ,Computer ( Java Edition ),Paid Version
1157.0,15.0,futureofgaming,Computer ( Java Edition ),Cracked
1344.0,15.0,comicstarOP,Computer ( Java Edition ),Cracked
264.0,15.0,ClutcheR_VenoM ,Computer ( Java Edition ),Paid Version
926.0,15.0,koushal1807,Computer ( Java Edition ),Cracked
935.0,15.0,monsterdj135,Computer ( Java Edition ),Cracked
940.0,15.0,INFINITYRUSH77,Computer ( Java Edition ),Cracked
942.0,15.0,Whyyy2020,Computer ( Java Edition ),Cracked
944.0,15.0,vrishi,Computer ( Java Edition ),Cracked
945.0,15.0,Shivaygamer,Computer ( Java Edition ),Paid Version
270.0,15.0,pashva_warrior,Computer ( Java Edition ),Cracked
275.0,15.0,Itzzjay1233,Mobile ( bedrock version ),Cracked
797.0,15.0,Manikop,Computer ( Java Edition ),Cracked
805.0,15.0,Steve,Mobile ( bedrock version ),Cracked
806.0,15.0,Vise_killer,Computer ( Java Edition ),Cracked
809.0,15.0,Prabhd33p,Computer ( Java Edition ),Cracked
814.0,15.0,TTMMKKCC3,Computer ( Java Edition ),Cracked
815.0,15.0,ITCGAMER,Computer ( Java Edition ),Paid Version
819.0,15.0,Sushan_Gamer,Computer ( Java Edition ),Paid Version
825.0,15.0,rudrashah72,Computer ( Java Edition ),Cracked
833.0,15.0,Faizanpro,Computer ( Java Edition ),Cracked
834.0,15.0,Poisn,Computer ( Java Edition ),Cracked
1326.0,15.0,ajay4050,Computer ( Java Edition ),Cracked
90.0,15.0,TheHarshu,Computer ( Java Edition ),Cracked
96.0,15.0,MINE_SOUL,Mobile ( bedrock version ),Paid Version
100.0,15.0,dygartal gaming,Computer ( Java Edition ),Cracked
101.0,15.0,Nix_007,Computer ( Java Edition ),Cracked
104.0,15.0,Aditya,Computer ( Java Edition ),Cracked
105.0,15.0,LOLPewds,Computer ( Java Edition ),Cracked
107.0,15.0,iamadityab,Computer ( Java Edition ),Cracked
111.0,15.0,aryanop,Computer ( Java Edition ),Cracked
112.0,15.0,DarshPlays,Computer ( Java Edition ),Cracked
1334.0,15.0,aadioppp,Computer ( Java Edition ),Cracked
1338.0,15.0,Rakesh,Mobile ( bedrock version ),Paid Version
783.0,15.0,_infinite_gamer_,Computer ( Java Edition ),Cracked
787.0,15.0,fedis4473,Mobile ( bedrock version ),Cracked
791.0,15.0,12_bamboo,Computer ( Java Edition ),Cracked
794.0,15.0,Vinitrex,Computer ( Java Edition ),Cracked
129.0,15.0,NOT_RAPTOR,Computer ( Java Edition ),Cracked
1056.0,15.0,varadwani,Computer ( Java Edition ),Cracked
1068.0,15.0,ggdevansh,Computer ( Java Edition ),Cracked
1152.0,15.0,HorizonInDust,Computer ( Java Edition ),Cracked
133.0,15.0,Youtubers,Mobile ( bedrock version ),Cracked
143.0,15.0,Popetobin,Computer ( Java Edition ),Paid Version
148.0,15.0,FJOYF,Computer ( Java Edition ),Cracked
985.0,15.0,snowballplays,Computer ( Java Edition ),Cracked
988.0,15.0,DG28117,Mobile ( bedrock version ),Cracked
451.0,15.0,Ak4ShkllEr,Computer ( Java Edition ),Cracked
406.0,15.0,TAJJUBHAI,Computer ( Java Edition ),Cracked
407.0,15.0,Pewdi,Computer ( Java Edition ),Cracked
1243.0,15.0,Gunmay23saini,Computer ( Java Edition ),Cracked
780.0,15.0,Jay0420,Computer ( Java Edition ),Cracked
416.0,15.0,TOXICDAKSH,Computer ( Java Edition ),Paid Version
420.0,15.0,PandaIsPog,Computer ( Java Edition ),Paid Version
952.0,15.0,BHAIYAJIGAMING,Computer ( Java Edition ),Paid Version
955.0,15.0,proud_indian,Computer ( Java Edition ),Cracked
966.0,15.0,anand64,Computer ( Java Edition ),Cracked
257.0,15.0,OrangeStar33330,Mobile ( bedrock version ),Cracked
221.0,15.0,PeteroidGaming,Computer ( Java Edition ),Cracked
227.0,15.0,Nilesh123,Computer ( Java Edition ),Cracked
1008.0,15.0,BraveSquid2468,Computer ( Java Edition ),Cracked
1018.0,15.0,Cubefoundhim,Computer ( Java Edition ),Cracked
1171.0,15.0,AmritpalYT02,Computer ( Java Edition ),Paid Version
232.0,15.0,thecyberside,Computer ( Java Edition ),Cracked
469.0,15.0,Tabby Vashist,Mobile ( bedrock version ),Cracked
434.0,15.0,Crusher_OP,Computer ( Java Edition ),Cracked
770.0,15.0,tabaahi_gamer,Computer ( Java Edition ),Cracked
439.0,15.0,KING_Y2J,Computer ( Java Edition ),Cracked
443.0,15.0,FireRex5779 ,Mobile ( bedrock version ),Cracked
444.0,15.0,Heavykiller007,Computer ( Java Edition ),Cracked
445.0,15.0,Visual Vid,Computer ( Java Edition ),Cracked
1131.0,15.0,Deathmaster700,Computer ( Java Edition ),Paid Version
1085.0,15.0,Kushal8330,Mobile ( bedrock version ),Cracked
1098.0,15.0,TECHAADHI,Computer ( Java Edition ),Cracked
457.0,15.0,THUNDERTIGERS,Computer ( Java Edition ),Cracked
465.0,15.0,BlackDemon,Computer ( Java Edition ),Cracked
748.0,15.0,whoisnishchal,Computer ( Java Edition ),Cracked
749.0,15.0,MISTERKIDSTER,Computer ( Java Edition ),Cracked
246.0,15.0,Xanda,Computer ( Java Edition ),Cracked
979.0,15.0,Starblaze69,Computer ( Java Edition ),Cracked
1180.0,15.0,ombeast,Computer ( Java Edition ),Cracked
1182.0,15.0,DynamicElkYT,Computer ( Java Edition ),Cracked
1186.0,15.0,Z_GamerX,Computer ( Java Edition ),Cracked
203.0,15.0,OP RUTV,Mobile ( bedrock version ),Cracked
208.0,15.0,Mehul9224,Mobile ( bedrock version ),Cracked
211.0,15.0,Pewdi,Computer ( Java Edition ),Cracked
214.0,15.0,HaHaGaMeR2495,Mobile ( bedrock version ),Paid Version
150.0,15.0,MADMAX9354,Mobile ( bedrock version ),Paid Version
712.0,15.0,Krazy_Worm,Computer ( Java Edition ),Paid Version
713.0,15.0,tabaahi_gamer,Computer ( Java Edition ),Cracked
716.0,15.0,Maxwell08642 ,Mobile ( bedrock version ),Paid Version
717.0,15.0,Cleon_Gaming,Computer ( Java Edition ),Cracked
725.0,15.0,FeebleRanger100,Mobile ( bedrock version ),Paid Version
727.0,15.0,mahit,Computer ( Java Edition ),Cracked
729.0,15.0,FeebleRanger100,Mobile ( bedrock version ),Paid Version
1313.0,15.0,DarshPlays,Computer ( Java Edition ),Cracked
1316.0,15.0,BhuzzBoyzzz,Computer ( Java Edition ),Cracked
489.0,15.0,CptPegasus,Computer ( Java Edition ),Cracked
1108.0,15.0,ARBOY2206,Mobile ( bedrock version ),Paid Version
1111.0,15.0,Viplegend124,Computer ( Java Edition ),Cracked
1112.0,15.0,AcchaBaccha,Mobile ( bedrock version ),Cracked
1118.0,15.0,infearious_shubh,Computer ( Java Edition ),Cracked
1279.0,15.0,Nisarg_27,Computer ( Java Edition ),Cracked
668.0,15.0,CreativeUday,Mobile ( bedrock version ),Cracked
1289.0,15.0,Mistysstar,Computer ( Java Edition ),Paid Version
1291.0,15.0,GamingAk_Ayush,Computer ( Java Edition ),Cracked
1292.0,15.0,Pro_Singh ,Computer ( Java Edition ),Cracked
1295.0,15.0,Saksham,Computer ( Java Edition ),Cracked
491.0,15.0,Maizegymnastics605,Mobile ( bedrock version ),Cracked
504.0,15.0,Meetrexu,Computer ( Java Edition ),Cracked
1252.0,15.0,Ajmax,Computer ( Java Edition ),Cracked
1254.0,15.0,Aarjav_kalani,Mobile ( bedrock version ),Cracked
707.0,15.0,Maggisharma,Computer ( Java Edition ),Cracked
708.0,15.0,Rishon¹,Mobile ( bedrock version ),Cracked
513.0,15.0,ManasIsCool,Computer ( Java Edition ),Paid Version
1029.0,15.0,WrongMadhav,Computer ( Java Edition ),Cracked
1034.0,15.0,meet361170,Computer ( Java Edition ),Cracked
152.0,15.0,Silentkille5052,Mobile ( bedrock version ),Cracked
153.0,15.0,PeteroidGaming,Computer ( Java Edition ),Cracked
156.0,15.0,RoamingCafe69,Mobile ( bedrock version ),Cracked
165.0,15.0,PowerMan_2,Computer ( Java Edition ),Cracked
166.0,15.0,oysterbank,Computer ( Java Edition ),Paid Version
638.0,15.0,pyrgamerz,Computer ( Java Edition ),Cracked
650.0,15.0,BOTISTAN,Computer ( Java Edition ),Cracked
651.0,15.0,MrUnknown4101,Computer ( Java Edition ),Cracked
652.0,15.0,Itz_yaz,Computer ( Java Edition ),Cracked
654.0,15.0,Ayush_M,Computer ( Java Edition ),Paid Version
525.0,15.0,Aakarxh,Computer ( Java Edition ),Cracked
1287.0,15.0,RAJRO,Computer ( Java Edition ),Cracked
679.0,15.0,MysteryTech1,Computer ( Java Edition ),Cracked
685.0,15.0,Tanveer26,Computer ( Java Edition ),Cracked
688.0,15.0,Xblowgaming9,Computer ( Java Edition ),Cracked
533.0,15.0,CptPegasus,Computer ( Java Edition ),Cracked
543.0,15.0,MrFaiq,Computer ( Java Edition ),Paid Version
550.0,15.0,Sagarpro,Computer ( Java Edition ),Paid Version
552.0,15.0,yuvi,Computer ( Java Edition ),Cracked
555.0,15.0,Armaansharma,Computer ( Java Edition ),Cracked
558.0,15.0,Chublit,Computer ( Java Edition ),Cracked
563.0,15.0,DMGamer8786,Mobile ( bedrock version ),Paid Version
566.0,15.0,DartWorldGames,Mobile ( bedrock version ),Paid Version
1297.0,15.0,vidhaan,Computer ( Java Edition ),Cracked
1298.0,15.0,aditya388555,Computer ( Java Edition ),Cracked
1301.0,15.0,Toxic,Computer ( Java Edition ),Cracked
1302.0,15.0,CREEPY_GAMING009,Computer ( Java Edition ),Cracked
1303.0,15.0,SARTHAK18,Computer ( Java Edition ),Cracked
620.0,15.0,Pranaytanpure,Mobile ( bedrock version ),Cracked
622.0,15.0,PRABALNOOB,Computer ( Java Edition ),Cracked
623.0,15.0,skillskulll123,Computer ( Java Edition ),Cracked
625.0,15.0,EMarek91,Computer ( Java Edition ),Cracked
630.0,15.0,dynamicisgreat,Computer ( Java Edition ),Cracked
631.0,15.0,Peppacheese,Computer ( Java Edition ),Paid Version
575.0,15.0,imperialblast,Computer ( Java Edition ),Cracked
583.0,15.0,pengwinL,Computer ( Java Edition ),Paid Version
596.0,15.0,PHOENIXGEM,Computer ( Java Edition ),Cracked
1274.0,15.0,yashraj007,Computer ( Java Edition ),Cracked
527.0,15.0,Aakarxh,Computer ( Java Edition ),Cracked
528.0,15.0,Black Demon,Computer ( Java Edition ),Cracked
530.0,15.0,Lazy1337,Computer ( Java Edition ),Cracked
171.0,15.0,EX_GAMERS,Computer ( Java Edition ),Cracked
179.0,15.0,ProPython,Computer ( Java Edition ),Cracked
180.0,15.0,DangerDUA12127 ,Mobile ( bedrock version ),Cracked
183.0,15.0,MADMAX9254,Mobile ( bedrock version ),Paid Version
185.0,15.0,MaahitheGreat,Computer ( Java Edition ),Paid Version
187.0,15.0,NIHAKSHAR,Computer ( Java Edition ),Cracked
1413.0,15.0,hemanth0507,Computer ( Java Edition ),Cracked
4.0,15.0,Dwijesh YT,Mobile ( bedrock version ),Paid Version
5.0,15.0,KillerBunnyYP,Computer ( Java Edition ),Cracked
1410.0,15.0,Mayank27,Computer ( Java Edition ),Cracked
1397.0,15.0,Sryking,Computer ( Java Edition ),Cracked
1401.0,15.0,ReyPL,Computer ( Java Edition ),Cracked
1402.0,15.0,Krish1177,Computer ( Java Edition ),Cracked
1404.0,15.0,DeathListGamerz,Computer ( Java Edition ),Cracked
35.0,15.0,Bhavya,Computer ( Java Edition ),Cracked
1407.0,15.0,Dashastra,Computer ( Java Edition ),Cracked
41.0,15.0,LordStar7,Computer ( Java Edition ),Cracked
42.0,15.0,Rajsaha,Computer ( Java Edition ),Cracked
1381.0,16.0,Curryking6,Computer ( Java Edition ),Paid Version
1409.0,16.0,GHOST_KERUL,Computer ( Java Edition ),Cracked
1386.0,16.0,CaptainOm03,Mobile ( bedrock version ),Cracked
29.0,16.0,DMR_KRATOS,Computer ( Java Edition ),Paid Version
32.0,16.0,SpyIshwaak1,Computer ( Java Edition ),Paid Version
36.0,16.0,Priankshu,Computer ( Java Edition ),Cracked
37.0,16.0,Abhi4832,Computer ( Java Edition ),Cracked
39.0,16.0,TheUniqueGamer,Computer ( Java Edition ),Cracked
43.0,16.0,ClownishHen9123,Mobile ( bedrock version ),Cracked
1379.0,16.0,TechoSidd,Mobile ( bedrock version ),Cracked
1380.0,16.0,ADI_TYA,Computer ( Java Edition ),Paid Version
21.0,16.0,PRO_NOOB_GAMING_1902,Computer ( Java Edition ),Cracked
1398.0,16.0,Buy,Mobile ( bedrock version ),Paid Version
1403.0,16.0,nitish2007,Computer ( Java Edition ),Cracked
7.0,16.0,HoNeyOp,Computer ( Java Edition ),Cracked
551.0,16.0,CosmicHunter24,Computer ( Java Edition ),Cracked
553.0,16.0,Dhruv_Nischal23,Computer ( Java Edition ),Cracked
68.0,16.0,GamerAkshay,Computer ( Java Edition ),Cracked
73.0,16.0,Moksh_06,Computer ( Java Edition ),Cracked
74.0,16.0,Player043221019,Mobile ( bedrock version ),Paid Version
75.0,16.0,StormyChand,Computer ( Java Edition ),Paid Version
1116.0,16.0,LyricHades85269,Mobile ( bedrock version ),Cracked
1117.0,16.0,LiveInsaanop,Computer ( Java Edition ),Cracked
1129.0,16.0,RageSoul,Mobile ( bedrock version ),Cracked
1130.0,16.0,PraAlo,Computer ( Java Edition ),Cracked
567.0,16.0,Kanav243,Computer ( Java Edition ),Cracked
571.0,16.0,KARS1,Computer ( Java Edition ),Cracked
560.0,16.0,LALLUCHAMPRAO,Computer ( Java Edition ),Cracked
565.0,16.0,RudyMineOP,Computer ( Java Edition ),Cracked
615.0,16.0,TrimmerRT,Mobile ( bedrock version ),Paid Version
616.0,16.0,Mr monkey3863,Mobile ( bedrock version ),Paid Version
627.0,16.0,ThronedBell1645,Mobile ( bedrock version ),Paid Version
633.0,16.0,BANZERGAMING,Computer ( Java Edition ),Cracked
1305.0,16.0,SarthakJain7,Computer ( Java Edition ),Cracked
636.0,16.0,EMarek97,Computer ( Java Edition ),Paid Version
641.0,16.0,WITHWER,Computer ( Java Edition ),Cracked
644.0,16.0,mastermindebuka,Computer ( Java Edition ),Cracked
538.0,16.0,TjBansal12,Computer ( Java Edition ),Cracked
539.0,16.0,niksshit647  ,Computer ( Java Edition ),Cracked
542.0,16.0,Sanskar,Computer ( Java Edition ),Cracked
544.0,16.0,RudyMineOP,Computer ( Java Edition ),Cracked
547.0,16.0,MayukhJ,Mobile ( bedrock version ),Paid Version
548.0,16.0,Atharvat007,Computer ( Java Edition ),Cracked
1249.0,16.0,AGamer135,Computer ( Java Edition ),Cracked
1089.0,16.0,1R0N_07,Computer ( Java Edition ),Cracked
1097.0,16.0,Flameblazer_1234,Computer ( Java Edition ),Cracked
1102.0,16.0,TechnobIade7745,Mobile ( bedrock version ),Cracked
86.0,16.0,YodaUwU,Computer ( Java Edition ),Paid Version
89.0,16.0,Parababu3,Mobile ( bedrock version ),Cracked
95.0,16.0,gangstaved,Computer ( Java Edition ),Cracked
98.0,16.0,gangstaved,Computer ( Java Edition ),Cracked
103.0,16.0,SKDevilboy10,Computer ( Java Edition ),Cracked
53.0,16.0,DMR_KRATOS,Computer ( Java Edition ),Paid Version
1286.0,16.0,TusharKhangle,Computer ( Java Edition ),Cracked
663.0,16.0,Mystic_Blaxe,Computer ( Java Edition ),Paid Version
666.0,16.0,MaiGamertohnahi,Computer ( Java Edition ),Cracked
667.0,16.0,soham,Computer ( Java Edition ),Cracked
1288.0,16.0,AerialAcer7,Computer ( Java Edition ),Cracked
1299.0,16.0,spider12th,Computer ( Java Edition ),Cracked
515.0,16.0,DreamZRishi,Computer ( Java Edition ),Cracked
516.0,16.0,lokieie,Computer ( Java Edition ),Cracked
117.0,16.0,elango,Computer ( Java Edition ),Cracked
122.0,16.0,elango,Computer ( Java Edition ),Cracked
1076.0,16.0,DEZIRE,Computer ( Java Edition ),Cracked
1080.0,16.0,samyakkhare_34,Computer ( Java Edition ),Cracked
1366.0,16.0,thtSpectre,Computer ( Java Edition ),Paid Version
1375.0,16.0,HYDRAMJROCKS,Computer ( Java Edition ),Paid Version
1377.0,16.0,OmGupta,Computer ( Java Edition ),Cracked
1058.0,16.0,HaloCaste12,Computer ( Java Edition ),Paid Version
1059.0,16.0,Maximoffnadesh,Computer ( Java Edition ),Cracked
1062.0,16.0,Akshat2607,Computer ( Java Edition ),Cracked
108.0,16.0,CosmicHunter24,Computer ( Java Edition ),Cracked
115.0,16.0,MSD,Computer ( Java Edition ),Cracked
673.0,16.0,SakshamOP1681,Mobile ( bedrock version ),Paid Version
675.0,16.0,AryanIndhere,Computer ( Java Edition ),Cracked
680.0,16.0,OwnKanha 1234,Mobile ( bedrock version ),Cracked
686.0,16.0,Errixx_Gaming,Computer ( Java Edition ),Paid Version
687.0,16.0,ZiogicPlayz,Computer ( Java Edition ),Cracked
692.0,16.0,MITGamer30,Computer ( Java Edition ),Cracked
492.0,16.0,DevWalker,Computer ( Java Edition ),Cracked
496.0,16.0,mayank_9906,Computer ( Java Edition ),Cracked
144.0,16.0,mrchickenproo,Computer ( Java Edition ),Cracked
1024.0,16.0,Fxyyy,Computer ( Java Edition ),Cracked
1030.0,16.0,Timex543,Computer ( Java Edition ),Cracked
1042.0,16.0,Saksham0011,Computer ( Java Edition ),Cracked
1051.0,16.0,dabber2411,Computer ( Java Edition ),Cracked
163.0,16.0,RudranshPlayz,Mobile ( bedrock version ),Paid Version
189.0,16.0,RudranshPlayz,Computer ( Java Edition ),Cracked
1369.0,16.0,GODGAMERPlayz_,Computer ( Java Edition ),Paid Version
500.0,16.0,TrickyAYM_YT,Computer ( Java Edition ),Cracked
1256.0,16.0,Tanmay347,Computer ( Java Edition ),Paid Version
1258.0,16.0,HARSHIL342,Computer ( Java Edition ),Cracked
1265.0,16.0,kairav1,Computer ( Java Edition ),Cracked
1268.0,16.0,EmatladTunvRaTu,Computer ( Java Edition ),Cracked
700.0,16.0,ALSYAADMI,Computer ( Java Edition ),Paid Version
505.0,16.0,Amit Joshi6076,Mobile ( bedrock version ),Cracked
511.0,16.0,ThunderBird14,Computer ( Java Edition ),Cracked
472.0,16.0,Apple_7500,Mobile ( bedrock version ),Cracked
486.0,16.0,the real rich64,Mobile ( bedrock version ),Cracked
1308.0,16.0,NovaGaming360,Computer ( Java Edition ),Cracked
711.0,16.0,aayush8847,Mobile ( bedrock version ),Paid Version
719.0,16.0,FeebleRanger100,Mobile ( bedrock version ),Paid Version
721.0,16.0,_GEIMEO_WORLD_ ,Computer ( Java Edition ),Cracked
722.0,16.0,KRISH8889,Computer ( Java Edition ),Cracked
724.0,16.0,Victryk_Gamer,Computer ( Java Edition ),Cracked
1314.0,16.0,GamingAk_Ayush,Computer ( Java Edition ),Cracked
1317.0,16.0,VatsalisBack,Computer ( Java Edition ),Cracked
455.0,16.0,ERRIXX_burhan,Computer ( Java Edition ),Cracked
463.0,16.0,ADVAITGAMERZ,Computer ( Java Edition ),Cracked
1179.0,16.0,A_FriedPoptart,Computer ( Java Edition ),Paid Version
1183.0,16.0,hardikgoyal,Computer ( Java Edition ),Cracked
1185.0,16.0,gauravop,Computer ( Java Edition ),Cracked
1023.0,16.0,CosmicHunter24,Computer ( Java Edition ),Cracked
209.0,16.0,sparkygh,Computer ( Java Edition ),Cracked
135.0,16.0,Laksh718,Computer ( Java Edition ),Cracked
140.0,16.0,LIGHTISOP (username is in caps ),Computer ( Java Edition ),Paid Version
738.0,16.0,panetGAMER,Computer ( Java Edition ),Paid Version
744.0,16.0,ROHIT9,Computer ( Java Edition ),Cracked
745.0,16.0,aditya200605,Computer ( Java Edition ),Cracked
751.0,16.0,_DatWave_,Computer ( Java Edition ),Paid Version
467.0,16.0,FranX9,Computer ( Java Edition ),Cracked
433.0,16.0,GtaCraftGamerz,Computer ( Java Edition ),Cracked
226.0,16.0,Pranav8097,Mobile ( bedrock version ),Paid Version
1000.0,16.0,THUNDER X 4169,Mobile ( bedrock version ),Cracked
1003.0,16.0,K. Tripathi,Computer ( Java Edition ),Cracked
1005.0,16.0,umairkazi,Computer ( Java Edition ),Cracked
1172.0,16.0,ItsMasterBoy,Computer ( Java Edition ),Cracked
1173.0,16.0,Furqan08,Computer ( Java Edition ),Cracked
195.0,16.0,Hatke_Gamerz,Computer ( Java Edition ),Cracked
241.0,16.0,Arnav_L,Computer ( Java Edition ),Cracked
243.0,16.0,ONLYGAMINGOG,Computer ( Java Edition ),Cracked
976.0,16.0,digitalinsaan,Computer ( Java Edition ),Cracked
982.0,16.0,VENOM7976132,Computer ( Java Edition ),Cracked
989.0,16.0,FFM_Manav,Computer ( Java Edition ),Cracked
754.0,16.0,shivam101,Computer ( Java Edition ),Cracked
756.0,16.0,Sameer_2,Computer ( Java Edition ),Cracked
760.0,16.0,Aarav_12,Computer ( Java Edition ),Cracked
764.0,16.0,AashuOP,Computer ( Java Edition ),Cracked
766.0,16.0,PinBoi,Computer ( Java Edition ),Cracked
768.0,16.0,MN_YouTube,Computer ( Java Edition ),Cracked
771.0,16.0,DITAPlayz,Computer ( Java Edition ),Cracked
772.0,16.0,Minimumheart812,Mobile ( bedrock version ),Cracked
1231.0,16.0,nakshon,Computer ( Java Edition ),Cracked
1234.0,16.0,ONSPOTx,Mobile ( bedrock version ),Cracked
438.0,16.0,kaveesh,Computer ( Java Edition ),Cracked
453.0,16.0,ToxicGamer0101,Computer ( Java Edition ),Cracked
396.0,16.0,VedantSA,Computer ( Java Edition ),Cracked
412.0,16.0,Kaveesh,Computer ( Java Edition ),Cracked
1237.0,16.0,KhatarnakGamer5,Computer ( Java Edition ),Cracked
1239.0,16.0,agni_craft,Computer ( Java Edition ),Cracked
779.0,16.0,yogendand49,Computer ( Java Edition ),Cracked
413.0,16.0,Crazoid,Computer ( Java Edition ),Cracked
418.0,16.0,HRTGamer73,Computer ( Java Edition ),Cracked
1333.0,16.0,Prime_Balpreet,Computer ( Java Edition ),Cracked
1335.0,16.0,GamersVerse,Computer ( Java Edition ),Paid Version
388.0,16.0,Shrey,Computer ( Java Edition ),Cracked
995.0,16.0,bilal567,Computer ( Java Edition ),Cracked
997.0,16.0,360legentkiller,Computer ( Java Edition ),Cracked
953.0,16.0,ERRIXX_BEAST,Computer ( Java Edition ),Cracked
963.0,16.0,ITACHI,Computer ( Java Edition ),Cracked
972.0,16.0,PBTechz,Computer ( Java Edition ),Cracked
251.0,16.0,neshsoni123,Computer ( Java Edition ),Cracked
230.0,16.0,DREAMadit,Computer ( Java Edition ),Cracked
233.0,16.0,harshalking8562,Mobile ( bedrock version ),Paid Version
389.0,16.0,Mayank boi,Mobile ( bedrock version ),Paid Version
785.0,16.0,MrHUSTLEGAMER,Computer ( Java Edition ),Cracked
789.0,16.0,Garryknight,Computer ( Java Edition ),Paid Version
790.0,16.0,sparkygh,Computer ( Java Edition ),Cracked
793.0,16.0,AcidicDude,Computer ( Java Edition ),Paid Version
796.0,16.0,Jay0420,Computer ( Java Edition ),Cracked
801.0,16.0,Roasted Dusr,Computer ( Java Edition ),Cracked
803.0,16.0,Syedhunain,Computer ( Java Edition ),Cracked
392.0,16.0,RudraMineOP,Mobile ( bedrock version ),Cracked
394.0,16.0,QWERTY9255,Mobile ( bedrock version ),Cracked
375.0,16.0,LoyalDJ OP,Mobile ( bedrock version ),Cracked
377.0,16.0,itsMcraft,Computer ( Java Edition ),Paid Version
260.0,16.0,FocalSky2563147,Mobile ( bedrock version ),Paid Version
922.0,16.0,deadlyhitman,Computer ( Java Edition ),Cracked
925.0,16.0,Legend_Tejas01,Computer ( Java Edition ),Paid Version
269.0,16.0,Todplo2828r,Mobile ( bedrock version ),Cracked
272.0,16.0,Errixx_GodXYt,Computer ( Java Edition ),Paid Version
273.0,16.0,RudyMineOP,Computer ( Java Edition ),Cracked
993.0,16.0,40infinity,Computer ( Java Edition ),Cracked
994.0,16.0,oppo123,Computer ( Java Edition ),Cracked
379.0,16.0,Ronniedrhino,Computer ( Java Edition ),Cracked
381.0,16.0,Priyansh1471,Computer ( Java Edition ),Cracked
383.0,16.0,RudyMineOP,Computer ( Java Edition ),Cracked
812.0,16.0,Sidharthaupd,Computer ( Java Edition ),Cracked
818.0,16.0,the real rich64,Computer ( Java Edition ),Cracked
826.0,16.0,0rehan1,Computer ( Java Edition ),Cracked
832.0,16.0,PranavSajeev,Computer ( Java Edition ),Cracked
1324.0,16.0,RK135,Computer ( Java Edition ),Cracked
1325.0,16.0,Lakshyaisback,Computer ( Java Edition ),Cracked
363.0,16.0,RufulShreyash,Mobile ( bedrock version ),Cracked
286.0,16.0,Nityam123,Computer ( Java Edition ),Cracked
1340.0,16.0,NamanSharma123,Computer ( Java Edition ),Cracked
1193.0,16.0,DriftedTuna220,Computer ( Java Edition ),Cracked
1196.0,16.0,dakassasin3214,Computer ( Java Edition ),Cracked
1197.0,16.0,PREDATOR_AN,Computer ( Java Edition ),Cracked
1199.0,16.0,omkarthestar,Computer ( Java Edition ),Cracked
1203.0,16.0,Fartender1,Computer ( Java Edition ),Cracked
917.0,16.0,lavanayy,Computer ( Java Edition ),Paid Version
255.0,16.0,shivam28ss,Mobile ( bedrock version ),Paid Version
857.0,16.0,DivyGupta,Computer ( Java Edition ),Cracked
1206.0,16.0,HyperBayIsLive,Computer ( Java Edition ),Cracked
1211.0,16.0,Bowdi,Computer ( Java Edition ),Cracked
1213.0,16.0,NishantKB,Computer ( Java Edition ),Cracked
335.0,16.0,K. Tripathi,Computer ( Java Edition ),Cracked
903.0,16.0,THEGREATBROS,Mobile ( bedrock version ),Paid Version
905.0,16.0,ThunderBird14,Computer ( Java Edition ),Cracked
911.0,16.0,ebad1234,Computer ( Java Edition ),Cracked
1342.0,16.0,shivam0506,Computer ( Java Edition ),Cracked
1350.0,16.0,akhilesh,Computer ( Java Edition ),Cracked
1355.0,16.0,RJisOP,Computer ( Java Edition ),Cracked
291.0,16.0,AishnavdontCare,Computer ( Java Edition ),Cracked
278.0,16.0,TheStrangeGamer,Computer ( Java Edition ),Cracked
283.0,16.0,arnav50,Computer ( Java Edition ),Cracked
1221.0,16.0,dhAiRyANANA,Computer ( Java Edition ),Cracked
1227.0,16.0,OmGupta,Computer ( Java Edition ),Cracked
863.0,16.0,sniperman420,Computer ( Java Edition ),Cracked
869.0,16.0,Nack232,Mobile ( bedrock version ),Cracked
871.0,16.0,Oaksify,Computer ( Java Edition ),Paid Version
346.0,16.0,PRIYANSHU_YT,Computer ( Java Edition ),Cracked
350.0,16.0,BeyondRealmer,Computer ( Java Edition ),Cracked
359.0,16.0,sidhcraft,Computer ( Java Edition ),Cracked
295.0,16.0,atif,Computer ( Java Edition ),Paid Version
297.0,16.0,AAKARSH,Computer ( Java Edition ),Cracked
299.0,16.0,PRITAM_JIT,Computer ( Java Edition ),Cracked
313.0,16.0,HAGODA_NAOOB,Computer ( Java Edition ),Cracked
879.0,16.0,Prady2006,Computer ( Java Edition ),Paid Version
880.0,16.0,DevilTc#3183,Computer ( Java Edition ),Cracked
882.0,16.0,AssassinxKiller,Computer ( Java Edition ),Cracked
892.0,16.0,Groundaaron,Mobile ( bedrock version ),Cracked
896.0,16.0,FiredFury,Computer ( Java Edition ),Cracked
320.0,16.0,ARMAAN72006,Mobile ( bedrock version ),Paid Version
323.0,16.0,shivam28ss,Computer ( Java Edition ),Cracked
328.0,16.0,rishit_18,Computer ( Java Edition ),Cracked
921.0,16.0,Scronite10001,Computer ( Java Edition ),Cracked
1388.0,16.0,RachboyYT,Mobile ( bedrock version ),Cracked
1389.0,16.0,FreakPop♪#1568,Computer ( Java Edition ),Paid Version
1146.0,16.0,DriftedTuna220,Computer ( Java Edition ),Cracked
1147.0,16.0,devansh#7340,Computer ( Java Edition ),Cracked
1150.0,16.0,Mr_Aluthegreat ,Computer ( Java Edition ),Cracked
11.0,16.0,CraftyKitten975,Mobile ( bedrock version ),Cracked
19.0,16.0,GivenParty59746,Mobile ( bedrock version ),Cracked
608.0,16.0,PEKKA100,Computer ( Java Edition ),Paid Version
611.0,16.0,MARCIN2248,Computer ( Java Edition ),Cracked
576.0,16.0,Kanav243,Computer ( Java Edition ),Cracked
577.0,16.0,ShaivyaM,Computer ( Java Edition ),Paid Version
582.0,16.0,sGc_SAFRON,Computer ( Java Edition ),Cracked
584.0,16.0,Mrrandomop,Computer ( Java Edition ),Cracked
589.0,16.0,Tanishq Salunke,Mobile ( bedrock version ),Cracked
592.0,16.0,lazer_kills ,Computer ( Java Edition ),Cracked
603.0,16.0,ShaDeLmaoo,Computer ( Java Edition ),Cracked
604.0,16.0,Iceboundtrash07,Mobile ( bedrock version ),Cracked
1416.0,16.0,abaydur12,Computer ( Java Edition ),Cracked
2.0,18.0,Skullfaceddeath,Computer ( Java Edition ),Paid Version
595.0,18.0,Abhineet0770,Mobile ( bedrock version ),Paid Version
587.0,18.0,LiquidWolf0,Mobile ( bedrock version ),Paid Version
594.0,18.0,saurav2117,Computer ( Java Edition ),Cracked
585.0,18.0,MR_SAAD1,Computer ( Java Edition ),Cracked
610.0,18.0,Acousticsquid30,Mobile ( bedrock version ),Cracked
1142.0,18.0,Vishesh chauhan,Mobile ( bedrock version ),Cracked
1148.0,18.0,Atzepeng01,Computer ( Java Edition ),Cracked
902.0,18.0,yashtyagi47,Computer ( Java Edition ),Cracked
1396.0,18.0,xChillArena,Computer ( Java Edition ),Paid Version
1138.0,18.0,Gamerjayesh1177 ,Computer ( Java Edition ),Cracked
1133.0,18.0,Sumit2202,Mobile ( bedrock version ),Cracked
897.0,18.0,sujalsai,Computer ( Java Edition ),Cracked
311.0,18.0,devprobs,Mobile ( bedrock version ),Paid Version
874.0,18.0,harshpiro,Computer ( Java Edition ),Cracked
327.0,18.0,WinnableSaty299,Mobile ( bedrock version ),Paid Version
904.0,18.0,AMANlegend,Computer ( Java Edition ),Cracked
909.0,18.0,SUST_INSAAN,Computer ( Java Edition ),Cracked
915.0,18.0,notkraken12,Computer ( Java Edition ),Cracked
351.0,18.0,Godzilla_King17,Computer ( Java Edition ),Paid Version
345.0,18.0,Cherrygaming642,Mobile ( bedrock version ),Cracked
932.0,18.0,ColdFire,Computer ( Java Edition ),Cracked
1204.0,18.0,Alactrix,Computer ( Java Edition ),Paid Version
1202.0,18.0,OWL_LEDGE,Computer ( Java Edition ),Paid Version
852.0,18.0,Deval_1602,Computer ( Java Edition ),Cracked
842.0,18.0,SohamDey001,Computer ( Java Edition ),Cracked
256.0,18.0,Owntoothbrush,Mobile ( bedrock version ),Cracked
918.0,18.0,ilyxyan,Computer ( Java Edition ),Paid Version
368.0,18.0,D3adShadow,Computer ( Java Edition ),Cracked
1217.0,18.0,daxdaksh,Computer ( Java Edition ),Cracked
374.0,18.0,Mugen5941,Mobile ( bedrock version ),Cracked
372.0,18.0,EvIl_Adi,Computer ( Java Edition ),Cracked
933.0,18.0,Omkar,Computer ( Java Edition ),Cracked
949.0,18.0,Creavorgaming,Computer ( Java Edition ),Cracked
364.0,18.0,Skullfaceddeath,Computer ( Java Edition ),Paid Version
928.0,18.0,KyuZae,Computer ( Java Edition ),Cracked
836.0,18.0,LOLProNoob9,Mobile ( bedrock version ),Paid Version
835.0,18.0,MidSGgamer,Mobile ( bedrock version ),Cracked
1191.0,18.0,trilokprasad1809,Computer ( Java Edition ),Cracked
998.0,18.0,Darkgamerpvp,Computer ( Java Edition ),Paid Version
743.0,18.0,NovaGeneric,Computer ( Java Edition ),Cracked
746.0,18.0,DZGHOSTAK,Computer ( Java Edition ),Cracked
991.0,18.0,TIgb_m1,Computer ( Java Edition ),Cracked
237.0,18.0,HSP15,Computer ( Java Edition ),Cracked
245.0,18.0,Yourboob,Computer ( Java Edition ),Cracked
977.0,18.0,LiquidWolf0,Computer ( Java Edition ),Paid Version
240.0,18.0,Fahadmaster007,Computer ( Java Edition ),Cracked
238.0,18.0,Dada1717,Computer ( Java Edition ),Cracked
1245.0,18.0,Beastgamergame111,Computer ( Java Edition ),Cracked
1244.0,18.0,Keshavthegamer,Computer ( Java Edition ),Cracked
402.0,18.0,Sinova07,Computer ( Java Edition ),Cracked
399.0,18.0,MFA050,Computer ( Java Edition ),Cracked
220.0,18.0,Tedmaster007,Mobile ( bedrock version ),Paid Version
759.0,18.0,Rohit2004531,Mobile ( bedrock version ),Cracked
984.0,18.0,sujalsai ,Computer ( Java Edition ),Cracked
417.0,18.0,Dada1717,Computer ( Java Edition ),Cracked
954.0,18.0,NAMAN bothra 12,Mobile ( bedrock version ),Cracked
777.0,18.0,srijitdon,Computer ( Java Edition ),Cracked
415.0,18.0,Victor_710,Computer ( Java Edition ),Cracked
967.0,18.0,PreFire1,Computer ( Java Edition ),Paid Version
228.0,18.0,Professor_neon,Computer ( Java Edition ),Cracked
971.0,18.0,Hamzagamer_,Computer ( Java Edition ),Paid Version
390.0,18.0,Infinite_rock,Computer ( Java Edition ),Cracked
784.0,18.0,akshaymantri2222,Computer ( Java Edition ),Cracked
1318.0,18.0,aditya sinha,Computer ( Java Edition ),Cracked
202.0,18.0,Mighty bera,Computer ( Java Edition ),Cracked
730.0,18.0,Ak,Computer ( Java Edition ),Cracked
1174.0,18.0,furqan shaikh,Computer ( Java Edition ),Cracked
1176.0,18.0,ASP2835,Computer ( Java Edition ),Cracked
732.0,18.0,yawndooyt,Computer ( Java Edition ),Cracked
733.0,18.0,shobhityo,Computer ( Java Edition ),Cracked
735.0,18.0,puckstop101,Computer ( Java Edition ),Cracked
731.0,18.0,suryanshg,Computer ( Java Edition ),Cracked
138.0,18.0,Khushal222,Mobile ( bedrock version ),Cracked
205.0,18.0,Yourboob,Computer ( Java Edition ),Cracked
1009.0,18.0,TECHNICAL_,Computer ( Java Edition ),Cracked
1014.0,18.0,Samartha,Computer ( Java Edition ),Cracked
1010.0,18.0,PRINCEY00001,Computer ( Java Edition ),Cracked
1015.0,18.0,GMaxzip,Mobile ( bedrock version ),Paid Version
201.0,18.0,Harshittiwari98 ,Computer ( Java Edition ),Cracked
1006.0,18.0,Kanishk7556,Computer ( Java Edition ),Cracked
742.0,18.0,nevil2305,Computer ( Java Edition ),Cracked
59.0,18.0,MasterBubble843,Mobile ( bedrock version ),Paid Version
1290.0,18.0,Jagrit1,Computer ( Java Edition ),Cracked
124.0,18.0,Ayush19907,Computer ( Java Edition ),Cracked
1296.0,18.0,ayushboii,Computer ( Java Edition ),Cracked
517.0,18.0,C00lSprint,Computer ( Java Edition ),Paid Version
120.0,18.0,Gujjugamer22 ,Mobile ( bedrock version ),Cracked
1156.0,18.0,rohitjadhav08,Computer ( Java Edition ),Cracked
1155.0,18.0,Sahib69,Computer ( Java Edition ),Cracked
126.0,18.0,TechnoKushal610,Mobile ( bedrock version ),Paid Version
1164.0,18.0,dixit121,Computer ( Java Edition ),Cracked
1365.0,18.0,savkarepranav,Computer ( Java Edition ),Cracked
1278.0,18.0,Gulaminite,Computer ( Java Edition ),Cracked
541.0,18.0,Gaming assassin2k7 ,Computer ( Java Edition ),Paid Version
536.0,18.0,BORIYAT123HUNTER,Computer ( Java Edition ),Paid Version
1370.0,18.0,ainakgameryt,Computer ( Java Edition ),Cracked
1088.0,18.0,R3D_Bang,Computer ( Java Edition ),Cracked
1167.0,18.0,Deepanshu987944,Mobile ( bedrock version ),Cracked
1053.0,18.0,ShadowKing,Computer ( Java Edition ),Cracked
1071.0,18.0,fleashou123,Computer ( Java Edition ),Paid Version
1064.0,18.0,AVation786,Computer ( Java Edition ),Cracked
1067.0,18.0,TheKing2571,Computer ( Java Edition ),Cracked
1070.0,18.0,EAthleteMoMo,Computer ( Java Edition ),Paid Version
519.0,18.0, C00lSprint,Computer ( Java Edition ),Paid Version
670.0,18.0,Ak,Computer ( Java Edition ),Cracked
678.0,18.0,MFA050,Computer ( Java Edition ),Cracked
682.0,18.0,ZGOD98,Computer ( Java Edition ),Cracked
690.0,18.0,Niraj83,Computer ( Java Edition ),Cracked
1154.0,18.0,ProTmGamer,Computer ( Java Edition ),Cracked
113.0,18.0,domenecfc,Computer ( Java Edition ),Paid Version
518.0,18.0,QuitHorizonK,Computer ( Java Edition ),Paid Version
146.0,18.0,DRAGOLIC_SOUL,Computer ( Java Edition ),Cracked
490.0,18.0,PrathamGowda,Computer ( Java Edition ),Cracked
697.0,18.0,Chetanya3741,Computer ( Java Edition ),Cracked
1039.0,18.0,luffy_4062,Computer ( Java Edition ),Cracked
159.0,18.0,KunshGamer,Computer ( Java Edition ),Paid Version
1367.0,18.0,sayedvines,Computer ( Java Edition ),Cracked
1368.0,18.0,Tejas patel,Mobile ( bedrock version ),Cracked
1049.0,18.0,Diftpolle,Mobile ( bedrock version ),Paid Version
499.0,18.0,SSoham16,Computer ( Java Edition ),Cracked
701.0,18.0,memeboi690420,Computer ( Java Edition ),Paid Version
507.0,18.0,Khushal1111,Mobile ( bedrock version ),Cracked
704.0,18.0,beastpat,Computer ( Java Edition ),Cracked
508.0,18.0,  aviral21,Computer ( Java Edition ),Cracked
474.0,18.0,Khushal1111,Mobile ( bedrock version ),Cracked
488.0,18.0,Hercusex,Computer ( Java Edition ),Cracked
710.0,18.0,beastpat,Computer ( Java Edition ),Cracked
1384.0,18.0,Mohit900,Mobile ( bedrock version ),Cracked
24.0,18.0,sxrxng,Computer ( Java Edition ),Cracked
549.0,18.0,MrParneet95,Computer ( Java Edition ),Cracked
568.0,18.0,devangjariwala9,Computer ( Java Edition ),Cracked
1113.0,18.0,not_thangoss,Computer ( Java Edition ),Paid Version
69.0,18.0,GravityFx28,Mobile ( bedrock version ),Cracked
559.0,18.0,crosswill,Computer ( Java Edition ),Cracked
1120.0,18.0,WiseTurtleFart,Computer ( Java Edition ),Paid Version
564.0,18.0,ItsAIG,Computer ( Java Edition ),Paid Version
626.0,18.0,Raftaar_Banna,Computer ( Java Edition ),Cracked
628.0,18.0,Ejenp00l,Mobile ( bedrock version ),Paid Version
629.0,18.0,GreenLog,Computer ( Java Edition ),Paid Version
1300.0,18.0,ag2005famer,Computer ( Java Edition ),Cracked
649.0,18.0,LAKSHAY5280,Computer ( Java Edition ),Cracked
664.0,18.0,PreFire1,Computer ( Java Edition ),Paid Version
669.0,18.0,Ak,Computer ( Java Edition ),Cracked
92.0,18.0,satyam123boss,Computer ( Java Edition ),Cracked
1099.0,18.0,flash,Computer ( Java Edition ),Cracked
85.0,18.0,Aryan_181,Computer ( Java Edition ),Cracked
65.0,18.0,Creavorgaming,Computer ( Java Edition ),Cracked
87.0,18.0,Aryan_181,Computer ( Java Edition ),Cracked
554.0,18.0,TridentPrince,Computer ( Java Edition ),Cracked
534.0,18.0,Hercusex,Computer ( Java Edition ),Cracked
535.0,18.0,Sash33,Computer ( Java Edition ),Cracked
428.0,19.0,DsXGamer09,Computer ( Java Edition ),Cracked
194.0,19.0,Pravin1114,Mobile ( bedrock version ),Cracked
234.0,19.0,Dsk69,Computer ( Java Edition ),Cracked
956.0,19.0,Sanish,Computer ( Java Edition ),Cracked
378.0,19.0,Yash1602,Computer ( Java Edition ),Cracked
775.0,19.0,ItzAnsh,Computer ( Java Edition ),Paid Version
1002.0,19.0,Magician007,Computer ( Java Edition ),Cracked
740.0,19.0,Aarin,Computer ( Java Edition ),Cracked
913.0,19.0,TGBullet,Computer ( Java Edition ),Paid Version
912.0,19.0,NeonGamerYT,Computer ( Java Edition ),Cracked
254.0,19.0,Witbix,Computer ( Java Edition ),Cracked
1210.0,19.0,0_ShIvAmKaUsHaL,Computer ( Java Edition ),Paid Version
339.0,19.0,coolrushil12,Computer ( Java Edition ),Cracked
867.0,19.0,Puranjayjindal123@gmail.com,Mobile ( bedrock version ),Cracked
1225.0,19.0,astra044,Computer ( Java Edition ),Cracked
274.0,19.0,Etirnox,Computer ( Java Edition ),Cracked
1.0,19.0,shrey_jain_,Computer ( Java Edition ),Cracked
597.0,19.0,GarryKakkar,Mobile ( bedrock version ),Paid Version
1135.0,19.0,BLASTERBOOM,Computer ( Java Edition ),Cracked
293.0,19.0,Hydrated5kate80,Computer ( Java Edition ),Paid Version
302.0,19.0,DarshThePro,Computer ( Java Edition ),Cracked
1219.0,19.0,mr_x1,Computer ( Java Edition ),Cracked
223.0,19.0,aayush2121,Computer ( Java Edition ),Cracked
218.0,19.0,exahmed680,Computer ( Java Edition ),Cracked
421.0,19.0,Neev894,Computer ( Java Edition ),Cracked
964.0,19.0,BassClover@06,Mobile ( bedrock version ),Cracked
959.0,19.0,VaderOP,Computer ( Java Edition ),Paid Version
391.0,19.0,GANTHAR,Computer ( Java Edition ),Cracked
252.0,19.0,Darshan,Computer ( Java Edition ),Cracked
331.0,19.0,TheCoolGamer1729,Computer ( Java Edition ),Cracked
371.0,19.0,NeonGamerYT,Computer ( Java Edition ),Cracked
1216.0,19.0,PARADISEPALM,Computer ( Java Edition ),Cracked
384.0,19.0,Pata nahi,Mobile ( bedrock version ),Paid Version
828.0,19.0,dcxgaming,Computer ( Java Edition ),Cracked
1195.0,19.0,Bruce_Wayne,Computer ( Java Edition ),Cracked
361.0,19.0,sujeet Kumar941,Mobile ( bedrock version ),Paid Version
992.0,19.0,Varinder1015,Computer ( Java Edition ),Cracked
263.0,19.0,Hiidkiller05,Computer ( Java Edition ),Paid Version
261.0,19.0,Sanish,Computer ( Java Edition ),Cracked
259.0,19.0,Hiidkiller05,Computer ( Java Edition ),Paid Version
1315.0,19.0,InFlamedAryan,Computer ( Java Edition ),Cracked
1178.0,19.0,Omqe,Computer ( Java Edition ),Cracked
1177.0,19.0,Wildturtle99,Computer ( Java Edition ),Cracked
1181.0,19.0,Darke_TheDragon,Computer ( Java Edition ),Paid Version
207.0,19.0,Croc3LL,Computer ( Java Edition ),Cracked
435.0,19.0,Etirnox,Computer ( Java Edition ),Cracked
659.0,19.0,Xtendernoob4065,Mobile ( bedrock version ),Cracked
1094.0,19.0,Anurag.5683,Mobile ( bedrock version ),Cracked
1306.0,19.0,Sayam1483,Mobile ( bedrock version ),Cracked
1041.0,19.0,Aryan,Computer ( Java Edition ),Cracked
1048.0,19.0,GAMINGBHAU,Computer ( Java Edition ),Cracked
1284.0,19.0,tatsat,Computer ( Java Edition ),Cracked
661.0,19.0,SCR1BBLE,Computer ( Java Edition ),Cracked
1132.0,19.0,STAR_vijay,Computer ( Java Edition ),Cracked
1371.0,19.0,pratham_0922,Computer ( Java Edition ),Cracked
1084.0,19.0,emperorX3,Computer ( Java Edition ),Paid Version
1281.0,19.0,Darknight3328,Mobile ( bedrock version ),Cracked
79.0,19.0,Bracedyapper 420,Mobile ( bedrock version ),Paid Version
632.0,19.0,Kazooooo,Computer ( Java Edition ),Cracked
1123.0,19.0,BabuKandi,Computer ( Java Edition ),Paid Version
23.0,20.0,PARADISEPALM,Mobile ( bedrock version ),Paid Version
16.0,20.0,imran121,Computer ( Java Edition ),Cracked
1124.0,20.0,MunnaKandi,Computer ( Java Edition ),Paid Version
1149.0,20.0,NotAsleeps,Computer ( Java Edition ),Paid Version
1127.0,20.0,beagamer7982,Computer ( Java Edition ),Cracked
1055.0,20.0,SOUL_9amin9,Computer ( Java Edition ),Cracked
1163.0,20.0,SmVibesYT,Computer ( Java Edition ),Paid Version
1092.0,20.0,anshuman1171,Computer ( Java Edition ),Cracked
1074.0,20.0,LetsPlayHarsh,Mobile ( bedrock version ),Paid Version
1190.0,20.0,CaptainOnixYT,Computer ( Java Edition ),Cracked
924.0,20.0,HeetKshatriya,Computer ( Java Edition ),Cracked
973.0,20.0,og_aryan,Computer ( Java Edition ),Cracked
1021.0,20.0,Lochan_94,Computer ( Java Edition ),Cracked
1044.0,20.0,ReinIJenkins,Computer ( Java Edition ),Cracked
1045.0,20.0,Amitkashyap,Mobile ( bedrock version ),Cracked
1047.0,20.0,TheCoryBantic,Computer ( Java Edition ),Paid Version
1264.0,20.0,RetrixOP,Computer ( Java Edition ),Cracked
1259.0,20.0,ronitchotwani,Computer ( Java Edition ),Cracked
612.0,20.0,AaryanSingh,Computer ( Java Edition ),Cracked
624.0,20.0,mrcookie558,Computer ( Java Edition ),Paid Version
642.0,20.0,Tushit09,Computer ( Java Edition ),Cracked
640.0,20.0,SKULLGAMING_YT,Computer ( Java Edition ),Paid Version
739.0,20.0,Light Poem,Computer ( Java Edition ),Cracked
758.0,20.0,Aayushflash,Computer ( Java Edition ),Paid Version
1248.0,20.0,anonymous2948,Computer ( Java Edition ),Cracked
781.0,20.0,ITZarunav,Computer ( Java Edition ),Paid Version
841.0,20.0,ThePraNav21,Computer ( Java Edition ),Cracked
838.0,20.0,GHOST_E_RIDE,Computer ( Java Edition ),Cracked
858.0,20.0,XPERT09,Computer ( Java Edition ),Cracked
853.0,20.0, kritika.18,Computer ( Java Edition ),Cracked
1207.0,20.0,PROLinersGmear,Computer ( Java Edition ),Cracked
878.0,20.0,GHOSTABSK,Computer ( Java Edition ),Cracked
1277.0,20.0,vikram2003,Mobile ( bedrock version ),Cracked
353.0,20.0,worldofgaming2,Computer ( Java Edition ),Cracked
386.0,20.0,Louiswc,Computer ( Java Edition ),Paid Version
242.0,20.0,pinak19,Computer ( Java Edition ),Cracked
268.0,20.0,hypedgaming,Computer ( Java Edition ),Cracked
1356.0,20.0,soul_venom,Computer ( Java Edition ),Cracked
326.0,20.0,MinerKESHU,Mobile ( bedrock version ),Cracked
6.0,20.0,Ritzvish,Computer ( Java Edition ),Cracked
123.0,20.0,Nightmare007449,Mobile ( bedrock version ),Cracked
109.0,20.0,Anoop22,Computer ( Java Edition ),Cracked
127.0,20.0,☆Harsh L,Mobile ( bedrock version ),Cracked
93.0,20.0,TsgNishit,Computer ( Java Edition ),Cracked
64.0,20.0,UltraTesla3451,Mobile ( bedrock version ),Cracked
210.0,20.0,MonsterDWX,Computer ( Java Edition ),Cracked
212.0,20.0,Cmrocky08,Mobile ( bedrock version ),Cracked
338.0,20.0,GamTechOfficial,Computer ( Java Edition ),Cracked
360.0,20.0,ElixirZALAYT,Mobile ( bedrock version ),Cracked
537.0,20.0,raghav_max,Computer ( Java Edition ),Cracked
497.0,20.0,eligant99,Computer ( Java Edition ),Cracked
514.0,20.0,JSon_Illusion,Mobile ( bedrock version ),Cracked
578.0,20.0,ERRIXX_Reeshab,Computer ( Java Edition ),Cracked
561.0,20.0,Beastboy2824,Mobile ( bedrock version ),Cracked
545.0,20.0,faraaz127,Computer ( Java Edition ),Cracked
478.0,20.0,imran121,Computer ( Java Edition ),Cracked
1321.0,20.0,Dansafish,Computer ( Java Edition ),Paid Version
599.0,20.0,SailingMarlin78,Mobile ( bedrock version ),Cracked
1031.0,21.0,Sushil wakde,Computer ( Java Edition ),Cracked
1043.0,21.0,Priyanshu,Computer ( Java Edition ),Cracked
907.0,21.0,spinixo,Computer ( Java Edition ),Cracked
829.0,21.0,RAVOKER,Computer ( Java Edition ),Cracked
734.0,21.0,DEVILGAMER5187,Mobile ( bedrock version ),Paid Version
1121.0,21.0,NAQIALI,Computer ( Java Edition ),Cracked
387.0,21.0,YashUttamCoc,Computer ( Java Edition ),Cracked
397.0,21.0,Noob CSP,Mobile ( bedrock version ),Paid Version
315.0,21.0,pinak19,Computer ( Java Edition ),Cracked
448.0,21.0,JuniorBeastYT,Computer ( Java Edition ),Cracked
382.0,21.0,Utshaw,Computer ( Java Edition ),Paid Version
340.0,21.0,Gaurav gamer tg,Mobile ( bedrock version ),Cracked
1312.0,21.0,ILLUSIONxYT,Computer ( Java Edition ),Cracked
983.0,21.0,Tanmayislucky,Mobile ( bedrock version ),Cracked
1272.0,21.0,Lucifer1112,Computer ( Java Edition ),Cracked
637.0,21.0,Thesdminatishow,Computer ( Java Edition ),Cracked
699.0,21.0,FarrukhT,Computer ( Java Edition ),Cracked
821.0,21.0,DhruvNC,Computer ( Java Edition ),Paid Version
747.0,21.0,YUG62,Computer ( Java Edition ),Cracked
750.0,21.0,MGKane,Mobile ( bedrock version ),Cracked
1257.0,21.0,priyansh__gamer,Computer ( Java Edition ),Cracked
840.0,21.0,TheMasterCurry,Computer ( Java Edition ),Cracked
1110.0,21.0,Shadden Op,Computer ( Java Edition ),Cracked
12.0,21.0,Captain_S_J,Computer ( Java Edition ),Cracked
1066.0,21.0,ZoviQi,Computer ( Java Edition ),Cracked
1061.0,21.0,VK496,Computer ( Java Edition ),Cracked
20.0,21.0,Mannan7860,Computer ( Java Edition ),Paid Version
891.0,21.0,RealKrypton,Computer ( Java Edition ),Paid Version
1351.0,21.0,CallmeBinod,Mobile ( bedrock version ),Cracked
292.0,21.0,Axe wolfe,Mobile ( bedrock version ),Cracked
80.0,21.0,_TheCruiserYT_,Computer ( Java Edition ),Cracked
1394.0,21.0,OnlyCanoe#1639,Mobile ( bedrock version ),Cracked
10.0,21.0,Sudhanva2001,Computer ( Java Edition ),Paid Version
70.0,21.0,ShonaKandi,Computer ( Java Edition ),Paid Version
8.0,21.0,LAPOGY,Computer ( Java Edition ),Paid Version
509.0,21.0,partha,Computer ( Java Edition ),Cracked
76.0,21.0,AAYUSHKADAM,Mobile ( bedrock version ),Cracked
196.0,21.0,RonakDas,Mobile ( bedrock version ),Paid Version
1399.0,21.0,dashingkk,Computer ( Java Edition ),Paid Version
937.0,21.0,TEAMRAGE123,Computer ( Java Edition ),Cracked
1201.0,21.0,Aditya8834,Computer ( Java Edition ),Cracked
639.0,22.0,DeadShotXYT,Computer ( Java Edition ),Paid Version
694.0,22.0,ShivenIsPro,Computer ( Java Edition ),Paid Version
698.0,22.0,VADER_OP,Computer ( Java Edition ),Cracked
634.0,22.0,hjgaming0,Mobile ( bedrock version ),Paid Version
1275.0,22.0,Browned_,Computer ( Java Edition ),Paid Version
1280.0,22.0,RudrakshClasher,Computer ( Java Edition ),Cracked
1262.0,22.0,Alex12111,Computer ( Java Edition ),Cracked
720.0,22.0,kmittal112,Computer ( Java Edition ),Cracked
691.0,22.0,BluePhoenix20,Computer ( Java Edition ),Paid Version
856.0,22.0,bliss6387,Computer ( Java Edition ),Cracked
1242.0,22.0,Entity3031866,Computer ( Java Edition ),Paid Version
851.0,22.0,ABHILASH1235,Computer ( Java Edition ),Cracked
811.0,22.0,akshitsharmaji,Computer ( Java Edition ),Cracked
1033.0,22.0,jayashempire,Computer ( Java Edition ),Cracked
936.0,22.0,Invinix,Computer ( Java Edition ),Paid Version
1122.0,22.0,thunderking88,Computer ( Java Edition ),Cracked
987.0,22.0,Nova1402,Computer ( Java Edition ),Cracked
1143.0,22.0,ppapmaster,Computer ( Java Edition ),Cracked
1408.0,22.0,DeathNo1e,Computer ( Java Edition ),Cracked
672.0,22.0,PlumFlower28875,Mobile ( bedrock version ),Cracked
718.0,22.0,ARYANJ14,Computer ( Java Edition ),Cracked
1263.0,22.0,stormappears,Computer ( Java Edition ),Cracked
914.0,22.0,RICHGAMERZ,Computer ( Java Edition ),Cracked
1205.0,22.0,hactor18,Computer ( Java Edition ),Cracked
958.0,22.0,GamingWithAtul,Computer ( Java Edition ),Cracked
1012.0,22.0,Jazz_GamerYT,Computer ( Java Edition ),Cracked
931.0,22.0,Devil_Sparta,Computer ( Java Edition ),Cracked
1069.0,22.0,ManEater,Computer ( Java Edition ),Cracked
1103.0,22.0,Dakzh043,Computer ( Java Edition ),Cracked
168.0,22.0,Pewdi,Computer ( Java Edition ),Cracked
83.0,22.0,Ayushskull,Computer ( Java Edition ),Paid Version
1374.0,22.0,Saksham4577,Mobile ( bedrock version ),Paid Version
118.0,22.0,DZ REN L,Mobile ( bedrock version ),Cracked
116.0,22.0,dragonboy432165,Mobile ( bedrock version ),Cracked
355.0,22.0,Cooolzter,Computer ( Java Edition ),Paid Version
776.0,22.0,PRO XYZ7246,Mobile ( bedrock version ),Cracked
1007.0,22.0,Limit_less11,Computer ( Java Edition ),Cracked
1128.0,22.0,rishit007,Computer ( Java Edition ),Cracked
1134.0,22.0,Gamer Tanish 7,Mobile ( bedrock version ),Cracked
304.0,22.0,susanth6714,Computer ( Java Edition ),Cracked
579.0,22.0,MrParneet95,Computer ( Java Edition ),Cracked
471.0,22.0,susanth6714,Computer ( Java Edition ),Cracked
475.0,22.0,Srijan19,Mobile ( bedrock version ),Cracked
462.0,22.0,GhostLucifer786,Mobile ( bedrock version ),Paid Version
464.0,22.0,GhostLucifer786,Mobile ( bedrock version ),Paid Version
192.0,22.0,joeerito,Computer ( Java Edition ),Cracked
184.0,22.0,NUMNUMNUM123456,Computer ( Java Edition ),Cracked
142.0,22.0,prajitlandge9689,Computer ( Java Edition ),Cracked
296.0,22.0,susanth6714,Computer ( Java Edition ),Cracked
401.0,22.0,PGMV,Computer ( Java Edition ),Cracked
498.0,22.0,INFI TRIGGER,Mobile ( bedrock version ),Cracked
422.0,22.0,Harsh001,Computer ( Java Edition ),Cracked
441.0,22.0,nuclear_vishu,Computer ( Java Edition ),Paid Version
288.0,22.0,CrustyCrowd,Computer ( Java Edition ),Paid Version
1349.0,22.0,av1621,Computer ( Java Edition ),Paid Version
217.0,22.0,StagedMsYo119,Mobile ( bedrock version ),Cracked
468.0,22.0,Srijan19,Mobile ( bedrock version ),Cracked
495.0,22.0,entity3031866,Mobile ( bedrock version ),Paid Version
531.0,22.0,MrParneethakur95,Computer ( Java Edition ),Cracked
483.0,22.0,Entity3031866,Mobile ( bedrock version ),Paid Version
172.0,23.0,Kry_Wiz,Computer ( Java Edition ),Paid Version
951.0,23.0,BeastBhau777,Computer ( Java Edition ),Cracked
999.0,23.0,GLITCH101010,Computer ( Java Edition ),Cracked
1187.0,23.0,Fear_SuSphekT,Computer ( Java Edition ),Paid Version
948.0,23.0,arhum_25,Computer ( Java Edition ),Cracked
1151.0,23.0,FunNetwork_YT,Computer ( Java Edition ),Cracked
1073.0,23.0,Ansh Editor Ply,Mobile ( bedrock version ),Cracked
38.0,23.0,Hargun_604,Computer ( Java Edition ),Cracked
131.0,23.0,frozenKING7782,Computer ( Java Edition ),Cracked
34.0,23.0,GamerBoy4801732,Mobile ( bedrock version ),Paid Version
102.0,23.0,Steve,Mobile ( bedrock version ),Cracked
477.0,23.0,Woodierbasket,Mobile ( bedrock version ),Cracked
479.0,23.0,AZ_Zarir,Computer ( Java Edition ),Cracked
266.0,23.0,I need money but I not play game sir please I need phken phon,Mobile ( bedrock version ),Cracked
570.0,23.0,legitgaming8109,Computer ( Java Edition ),Cracked
522.0,23.0,alok_01,Computer ( Java Edition ),Cracked
689.0,23.0,nishant1820,Computer ( Java Edition ),Cracked
894.0,23.0,ABHILEKH,Computer ( Java Edition ),Cracked
1224.0,23.0,CYBERG125,Computer ( Java Edition ),Cracked
810.0,23.0,Leons1753,Computer ( Java Edition ),Paid Version
839.0,23.0,CRK,Computer ( Java Edition ),Cracked
1109.0,23.0,aryan1504,Computer ( Java Edition ),Cracked
1050.0,23.0,CarterRawks,Computer ( Java Edition ),Cracked
1158.0,23.0,RWG2005,Computer ( Java Edition ),Cracked
1025.0,23.0,Techno man,Computer ( Java Edition ),Cracked
728.0,23.0,ThrilledSam,Computer ( Java Edition ),Cracked
702.0,23.0,AnimistYT,Computer ( Java Edition ),Cracked
860.0,23.0,Pikachu ,Computer ( Java Edition ),Paid Version
773.0,23.0,good2255,Computer ( Java Edition ),Cracked
677.0,23.0,Op bhanu77,Mobile ( bedrock version ),Cracked
1100.0,24.0,neto__,Computer ( Java Edition ),Cracked
1141.0,24.0,ItzSuperlad,Computer ( Java Edition ),Paid Version
1415.0,24.0,Abssam,Computer ( Java Edition ),Cracked
1378.0,24.0,Ansuman,Computer ( Java Edition ),Cracked
1309.0,24.0,tanushagarwal153,Computer ( Java Edition ),Cracked
206.0,24.0,UniqueIsLive,Computer ( Java Edition ),Paid Version
57.0,24.0,TheAquaGaming,Computer ( Java Edition ),Cracked
714.0,24.0,Archit130,Computer ( Java Edition ),Cracked
695.0,24.0,AshishOP,Computer ( Java Edition ),Cracked
447.0,24.0,pata nahi ji kon sa nasha karta hai,Mobile ( bedrock version ),Paid Version
436.0,25.0,shriraj,Computer ( Java Edition ),Cracked
696.0,25.0,Prasannarssg ,Computer ( Java Edition ),Cracked
169.0,25.0,Avi-soni,Computer ( Java Edition ),Cracked
173.0,25.0,Avi-soni,Computer ( Java Edition ),Cracked
1218.0,26.0,mogemboyt,Computer ( Java Edition ),Cracked
13.0,26.0,anujdhone,Computer ( Java Edition ),Cracked
1016.0,26.0,Fxyyy,Computer ( Java Edition ),Cracked
910.0,27.0,narutoggwp,Computer ( Java Edition ),Cracked
820.0,27.0,PrAnJaLsOnI,Computer ( Java Edition ),Cracked
761.0,27.0,CaletooN,Computer ( Java Edition ),Paid Version
429.0,28.0,GamingwithAk729,Mobile ( bedrock version ),Cracked
1319.0,28.0,TheKrishna,Computer ( Java Edition ),Cracked
1331.0,28.0,Smvik,Computer ( Java Edition ),Cracked
799.0,28.0,PrAnJaLsOnI,Computer ( Java Edition ),Cracked
763.0,29.0,Gamertag39512,Mobile ( bedrock version ),Cracked
529.0,30.0,as1986442,Computer ( Java Edition ),Cracked
900.0,31.0,abbernatorr,Computer ( Java Edition ),Cracked
494.0,31.0,Mannshah2009,Mobile ( bedrock version ),Cracked
824.0,36.0,X_CoMBaT,Computer ( Java Edition ),Paid Version
493.0,39.0,Hardik,Computer ( Java Edition ),Cracked
614.0,39.0,DEVVERMA123,Computer ( Java Edition ),Cracked
674.0,43.0,Adityavir,Computer ( Java Edition ),Cracked
601.0,43.0,DIVINE STARLIT,Computer ( Java Edition ),Cracked
590.0,43.0,ishanisnub22,Computer ( Java Edition ),Cracked
